main_pack,sub_pack,stage,Index,currentEnd,Actuals,Forecast,Baseline,CumulativeBaseline_Final,fees,CumulativeForecast_Final,CumulativeActuals_Final,comment,,,,,,
00_Programme Management,Actual,LS,23,1/05/2025,,,919.3167,919.3167,Fee Items,919.3167,,do not override,,,,,,
00_Programme Management,00_Programme Management,LS,0,1/06/2025,,,0.55,919.8667,Fee Items,919.8667,13992,do not override,,,,,,
2002 Glenorchy TC - Township improvements,2002 Glenorchy TC - Township improvements,Concept / Scoping,64,1/06/2025,,,0.55,920.4167,Fee Items,1919.8667,13992,do not override,,,,,,
00_Programme Management,Actual,LS,23,1/06/2025,,,13789.7503,14710.167,Fee Items,15709.617,13992,do not override,,,,,,
2004 Arthurs Point - traffic calming,Actual,Concept / Scoping,50,1/07/2025,,,2000,16710.167,Fee Items,17709.617,13992,do not override,,,,,,
2004 Arthurs Point - traffic calming,2004 Arthurs Point - traffic calming,Concept / Scoping,49,1/07/2025,,,2000,18710.167,Fee Items,19709.617,13992,do not override,,,,,,
2002 Glenorchy TC - Township improvements,2002 Glenorchy TC - Township improvements,Concept / Scoping,65,1/07/2025,,,0.55,18710.717,Fee Items,20709.617,13992,do not override,,,,,,
2002 Glenorchy TC - Township improvements,2002 Glenorchy TC - Township improvements,Concept / Scoping,66,1/07/2025,,,0.0786,18710.7956,Fee Items,20735.9027,13992,do not override,,,,,,
00_Programme Management,Actual,LS,23,1/07/2025,,,14249.4087,32960.2043,Fee Items,34985.3114,13992,do not override,,,,,,
2004 Arthurs Point - traffic calming,2004 Arthurs Point - traffic calming,Concept / Scoping,48,1/07/2025,,,1466.6667,34426.871,Fee Items,36962.3781,13992,do not override,,,,,,
2004 Arthurs Point - traffic calming,2004 Arthurs Point - traffic calming,Concept / Scoping,47,1/07/2025,,,2000,36426.871,Fee Items,39962.3781,13992,do not override,,,,,,
2005 Crown Range Passing Lanes,2005 Crown Range Passing Lanes,Concept / Scoping,76,1/07/2025,,,2210.5263,38637.3973,Fee Items,42172.9044,13992,do not override,,,,,,
2004 Arthurs Point - traffic calming,2004 Arthurs Point - traffic calming,Variation,51,1/07/2025,,,2700,41337.3973,Fee Items,44872.9044,13992,do not override,,,,,,
2003 Wanaka TC - CBD connectivity upgrades,2003 Wanaka TC - CBD connectivity upgrades,Concept / Scoping,94,1/07/2025,,,1000,42337.3973,Fee Items,45538.9044,13992,do not override,,,,,,
2004 Arthurs Point - traffic calming,2004 Arthurs Point - traffic calming,Concept / Scoping,46,1/07/2025,,,2000,44337.3973,Fee Items,48538.9044,13992,do not override,,,,,,
00_Programme Management,00_Programme Management,LS,1,1/07/2025,,,0.55,44337.9473,Fee Items,48539.4544,27984,do not override,,,,,,
2003 Wanaka TC - CBD connectivity upgrades,2003 Wanaka TC - CBD connectivity upgrades,Concept / Scoping,95,1/07/2025,,,1600,45937.9473,Fee Items,50039.4544,27984,do not override,,,,,,
2006 RISU Signs - Rural Intersection Safety Upgrade,2006 RISU Signs - Rural Intersection Safety Upgrade,Concept / Scoping,24,1/07/2025,,,565.7143,46503.6616,Fee Items,50039.4544,27984,do not override,,,,,,
2003 Wanaka TC - CBD connectivity upgrades,2003 Wanaka TC - CBD connectivity upgrades,Concept / Scoping,10,1/07/2025,,,0.55,46504.2116,Fee Items,50040.0044,31649.61,do not override,,,,,,
2003 Wanaka TC - CBD connectivity upgrades,2003 Wanaka TC - CBD connectivity upgrades,Concept / Scoping,96,1/07/2025,,,1500,48004.2116,Fee Items,51540.0044,31649.61,do not override,,,,,,
2002 Glenorchy TC - Township improvements,2002 Glenorchy TC - Township improvements,Concept / Scoping,6,1/07/2025,,,0.55,48004.7616,Fee Items,51540.5544,35079.48,do not override,,,,,,
2006 RISU Signs - Rural Intersection Safety Upgrade,2006 RISU Signs - Rural Intersection Safety Upgrade,Concept / Scoping,15,1/08/2025,,,0.55,48005.3116,Fee Items,51541.1044,39336.11,do not override,,,,,,
00_Programme Management,00_Programme Management,LS,2,1/08/2025,,,0.55,48005.8616,Fee Items,51541.6544,53328.11,do not override,,,,,,
2006 RISU Signs - Rural Intersection Safety Upgrade,2006 RISU Signs - Rural Intersection Safety Upgrade,Concept / Scoping,25,1/08/2025,,,1571.4286,49577.2902,Fee Items,51541.6544,53328.11,do not override,,,,,,
2006 RISU Signs - Rural Intersection Safety Upgrade,2006 RISU Signs - Rural Intersection Safety Upgrade,Concept / Scoping,24,1/08/2025,,,1634.2857,51211.5759,Fee Items,51541.6544,53328.11,do not override,,,,,,
2002 Glenorchy TC - Township improvements,2002 Glenorchy TC - Township improvements,Concept / Scoping,66,1/08/2025,,,0.4714,51212.0473,Fee Items,51699.3687,53328.11,do not override,,,,,,
2002 Glenorchy TC - Township improvements,2002 Glenorchy TC - Township improvements,Concept / Scoping,67,1/08/2025,,,0.55,51212.5973,Fee Items,52639.3687,53328.11,do not override,,,,,,
2002 Glenorchy TC - Township improvements,2002 Glenorchy TC - Township improvements,Concept / Scoping,68,1/08/2025,,,0.2062,51212.8035,Fee Items,54199.3687,53328.11,do not override,,,,,,
00_Programme Management,Actual,LS,23,1/08/2025,,,14249.4087,65462.2122,Fee Items,68448.7774,53328.11,do not override,,,,,,
2005 Crown Range Passing Lanes,2005 Crown Range Passing Lanes,Concept / Scoping,14,1/08/2025,,,0.55,65462.7622,Fee Items,68449.3274,62468.11,do not override,,,,,,
2002 Glenorchy TC - Township improvements,2002 Glenorchy TC - Township improvements,Concept / Scoping,7,1/08/2025,,,0.55,65463.3122,Fee Items,68449.8774,66322.31,do not override,,,,,,
2003 Wanaka TC - CBD connectivity upgrades,2003 Wanaka TC - CBD connectivity upgrades,Concept / Scoping,97,1/08/2025,,,1500,66963.3122,Fee Items,68449.8774,66322.31,do not override,,,,,,
2005 Crown Range Passing Lanes,2005 Crown Range Passing Lanes,Concept / Scoping,76,1/08/2025,,,3807.0175,70770.3297,Fee Items,72256.8949,66322.31,do not override,,,,,,
2004 Arthurs Point - traffic calming,2004 Arthurs Point - traffic calming,Concept / Scoping,13,1/08/2025,,,0.55,70770.8797,Fee Items,72257.4449,77231.53,do not override,,,,,,
2004 Arthurs Point - traffic calming,2004 Arthurs Point - traffic calming,Concept / Scoping,48,1/08/2025,,,533.3333,71304.213,Fee Items,72976.3782,77231.53,do not override,,,,,,
2004 Arthurs Point - traffic calming,2004 Arthurs Point - traffic calming,Variation,52,1/08/2025,,,257.4257,71561.6387,Fee Items,73748.6554,77231.53,do not override,,,,,,
2006 RISU Signs - Rural Intersection Safety Upgrade,2006 RISU Signs - Rural Intersection Safety Upgrade,Concept / Scoping,25,1/09/2025,,,628.5714,72190.2101,Fee Items,73748.6554,77231.53,do not override,,,,,,
2009 Brunswick Int - Upgrade,2009 Brunswick Int - Upgrade,Concept / Scoping,38,1/09/2025,,,1300,73490.2101,Fee Items,75054.6554,77231.53,do not override,,,,,,
00_Programme Management,Actual,LS,23,1/09/2025,,,13789.7503,87279.9604,Fee Items,88844.4057,77231.53,do not override,,,,,,
2006 RISU Signs - Rural Intersection Safety Upgrade,2006 RISU Signs - Rural Intersection Safety Upgrade,Concept / Scoping,26,1/09/2025,,,1760,89039.9604,Fee Items,88844.4057,77231.53,do not override,,,,,,
2002 Glenorchy TC - Township improvements,2002 Glenorchy TC - Township improvements,Concept / Scoping,68,1/09/2025,,,0.3438,89040.3042,Fee Items,91444.4057,77231.53,do not override,,,,,,
2005 Crown Range Passing Lanes,2005 Crown Range Passing Lanes,Concept / Scoping,76,1/09/2025,,,982.4561,90022.7603,Fee Items,92426.8618,77231.53,do not override,,,,,,
2005 Crown Range Passing Lanes,2005 Crown Range Passing Lanes,Concept / Scoping,77,1/09/2025,,,1300,91322.7603,Fee Items,94566.8618,77231.53,do not override,,,,,,
2003 Wanaka TC - CBD connectivity upgrades,2003 Wanaka TC - CBD connectivity upgrades,Concept / Scoping,11,1/09/2025,,,0.55,91323.3103,Fee Items,94567.4118,90091.53,do not override,,,,,,
2003 Wanaka TC - CBD connectivity upgrades,2003 Wanaka TC - CBD connectivity upgrades,Concept / Scoping,98,1/09/2025,,,13000,104323.3103,Fee Items,107483.634,90091.53,do not override,,,,,,
00_Programme Management,00_Programme Management,LS,3,1/09/2025,,,0.55,104323.8603,Fee Items,107484.184,104083.53,do not override,,,,,,
2004 Arthurs Point - traffic calming,2004 Arthurs Point - traffic calming,Variation,52,1/09/2025,,,297.0297,104620.89,Fee Items,108375.2731,104083.53,do not override,,,,,,
2004 Arthurs Point - traffic calming,2004 Arthurs Point - traffic calming,Variation,52,1/10/2025,,,306.9307,104927.8207,Fee Items,109296.0652,104083.53,do not override,,,,,,
2004 Arthurs Point - traffic calming,2004 Arthurs Point - traffic calming,Concept / Scoping,57,1/10/2025,,,539.3258,105467.1465,Fee Items,110078.0877,104083.53,do not override,,,,,,
2002 Glenorchy TC - Township improvements,2002 Glenorchy TC - Township improvements,Detailed Design,69,1/10/2025,,,5000,110467.1465,Fee Items,110078.0877,104083.53,do not override,,,,,,
2009 Brunswick Int - Upgrade,2009 Brunswick Int - Upgrade,Concept / Scoping,40,1/10/2025,,,1162.7907,111629.9372,Fee Items,111240.8784,104083.53,do not override,,,,,,
2009 Brunswick Int - Upgrade,2009 Brunswick Int - Upgrade,Concept / Scoping,39,1/10/2025,,,12000,123629.9372,Fee Items,123240.8784,104083.53,do not override,,,,,,
2007 RISU Bundle - Rural Intersection Safety Upgrades,2007 RISU Bundle - Rural Intersection Safety Upgrades,Detailed Design,33,1/10/2025,,,11368.4211,134998.3583,Fee Items,134577.7205,104083.53,do not override,,,,,,
2003 Wanaka TC - CBD connectivity upgrades,2003 Wanaka TC - CBD connectivity upgrades,Concept / Scoping,98,1/10/2025,,,5000,139998.3583,Fee Items,139545.4983,104083.53,do not override,,,,,,
2007 RISU Bundle - Rural Intersection Safety Upgrades,2007 RISU Bundle - Rural Intersection Safety Upgrades,Detailed Design,32,1/10/2025,,,4000,143998.3583,Fee Items,139545.4983,104083.53,do not override,,,,,,
2008 Fernhill Int - concept feasibility traffic assessment,2008 Fernhill Int - concept feasibility traffic assessment,Concept / Scoping,114,1/10/2025,,,33000,176998.3583,Fee Items,139545.4983,104083.53,do not override,,,,,,
2006 RISU Signs - Rural Intersection Safety Upgrade,2006 RISU Signs - Rural Intersection Safety Upgrade,Concept / Scoping,26,1/10/2025,,,440,177438.3583,Fee Items,139545.4983,104083.53,do not override,,,,,,
00_Programme Management,Actual,LS,23,1/10/2025,,,14249.4087,191687.767,Fee Items,153794.907,104083.53,do not override,,,,,,
00_Programme Management,00_Programme Management,LS,4,1/10/2025,,,0.55,191688.317,Fee Items,153795.457,118075.53,do not override,,,,,,
2002 Glenorchy TC - Township improvements,2002 Glenorchy TC - Township improvements,Detailed Design,8,1/10/2025,,,0.55,191688.867,Fee Items,153796.007,128687.53,do not override,,,,,,
2006 RISU Signs - Rural Intersection Safety Upgrade,2006 RISU Signs - Rural Intersection Safety Upgrade,Detailed Design,27,1/10/2025,,,6896.5517,198585.4187,Fee Items,156364.9725,128687.53,do not override,,,,,,
2007 RISU Bundle - Rural Intersection Safety Upgrades,2007 RISU Bundle - Rural Intersection Safety Upgrades,Detailed Design,17,1/10/2025,,,0.55,198585.9687,Fee Items,156365.5225,133175.53,do not override,,,,,,
2011 Golf Course RBT,2011 Golf Course RBT,Concept / Scoping,21,1/10/2025,,,0.55,198586.5187,Fee Items,156366.0725,136257.53,do not override,,,,,,
2009 Brunswick Int - Upgrade,2009 Brunswick Int - Upgrade,Concept / Scoping,19,1/10/2025,,,0.55,198587.0687,Fee Items,156366.6225,147523.53,do not override,,,,,,
2009 Brunswick Int - Upgrade,2009 Brunswick Int - Upgrade,Concept / Scoping,40,1/11/2025,,,6976.7442,205563.8129,Fee Items,163343.3667,147523.53,do not override,,,,,,
00_Programme Management,00_Programme Management,LS,5,1/11/2025,,,0.55,205564.3629,Fee Items,163343.9167,161515.53,do not override,,,,,,
2002 Glenorchy TC - Township improvements,2002 Glenorchy TC - Township improvements,Detailed Design,9,1/11/2025,,,0.55,205564.9129,Fee Items,163344.4667,167883.53,do not override,,,,,,
2006 RISU Signs - Rural Intersection Safety Upgrade,2006 RISU Signs - Rural Intersection Safety Upgrade,Detailed Design,16,1/11/2025,,,0.55,205565.4629,Fee Items,163345.0167,169373.53,do not override,,,,,,
2007 RISU Bundle - Rural Intersection Safety Upgrades,2007 RISU Bundle - Rural Intersection Safety Upgrades,Detailed Design,18,1/11/2025,,,0.55,205566.0129,Fee Items,163345.5667,173861.53,do not override,,,,,,
2002 Glenorchy TC - Township improvements,2002 Glenorchy TC - Township improvements,Detailed Design,71,1/11/2025,,,15000,220566.0129,Fee Items,163345.5667,173861.53,do not override,,,,,,
2007 RISU Bundle - Rural Intersection Safety Upgrades,2007 RISU Bundle - Rural Intersection Safety Upgrades,Detailed Design,33,1/11/2025,,,6631.5789,227197.5918,Fee Items,169958.7246,173861.53,do not override,,,,,,
2002 Glenorchy TC - Township improvements,2002 Glenorchy TC - Township improvements,Detailed Design,70,1/11/2025,,,4000,231197.5918,Fee Items,174927.7246,173861.53,do not override,,,,,,
2011 Golf Course RBT,2011 Golf Course RBT,Concept / Scoping,22,1/11/2025,,,0.55,231198.1418,Fee Items,174928.2746,174991.53,do not override,,,,,,
2004 Arthurs Point - traffic calming,2004 Arthurs Point - traffic calming,Variation,52,1/11/2025,,,138.6139,231336.7557,Fee Items,175344.1162,174991.53,do not override,,,,,,
2004 Arthurs Point - traffic calming,2004 Arthurs Point - traffic calming,Variation,53,1/11/2025,,,1000,232336.7557,Fee Items,178344.1162,174991.53,do not override,,,,,,
2004 Arthurs Point - traffic calming,2004 Arthurs Point - traffic calming,Variation,54,1/11/2025,,,1000,233336.7557,Fee Items,181344.1162,174991.53,do not override,,,,,,
2004 Arthurs Point - traffic calming,2004 Arthurs Point - traffic calming,Variation,55,1/11/2025,,,1000,234336.7557,Fee Items,184344.1162,174991.53,do not override,,,,,,
2004 Arthurs Point - traffic calming,2004 Arthurs Point - traffic calming,Variation,56,1/11/2025,,,214.2857,234551.0414,Fee Items,184986.9733,174991.53,do not override,,,,,,
2004 Arthurs Point - traffic calming,2004 Arthurs Point - traffic calming,Concept / Scoping,57,1/11/2025,,,1348.3146,235899.356,Fee Items,186942.0295,174991.53,do not override,,,,,,
00_Programme Management,Actual,LS,23,1/11/2025,,,13789.7503,249689.1063,Fee Items,200731.7798,174991.53,do not override,,,,,,
2009 Brunswick Int - Upgrade,2009 Brunswick Int - Upgrade,Concept / Scoping,20,1/11/2025,,,0.55,249689.6563,Fee Items,200732.3298,177501.53,do not override,,,,,,
2006 RISU Signs - Rural Intersection Safety Upgrade,2006 RISU Signs - Rural Intersection Safety Upgrade,Detailed Design,27,1/11/2025,,,13103.4483,262793.1046,Fee Items,205613.3643,177501.53,do not override,,,,,,
2003 Wanaka TC - CBD connectivity upgrades,2003 Wanaka TC - CBD connectivity upgrades,Concept / Scoping,12,1/11/2025,,,0.55,262793.6546,Fee Items,205613.9143,178601.53,do not override,,,,,,
2004 Arthurs Point - traffic calming,2004 Arthurs Point - traffic calming,Concept / Scoping,57,1/12/2025,,,1393.2584,264186.913,Fee Items,207634.139,178601.53,do not override,,,,,,
2004 Arthurs Point - traffic calming,2004 Arthurs Point - traffic calming,Variation,56,1/12/2025,,,785.7143,264972.6273,Fee Items,209991.2819,178601.53,do not override,,,,,,
2008 Fernhill Int - concept feasibility traffic assessment,2008 Fernhill Int - concept feasibility traffic assessment,Concept / Scoping,110,1/12/2025,,,0,264972.6273,Fee Items,234431.2819,178601.53,do not override,,,,,,
2008 Fernhill Int - concept feasibility traffic assessment,2008 Fernhill Int - concept feasibility traffic assessment,Concept / Scoping,111,1/12/2025,,,0,264972.6273,Fee Items,235586.8375,178601.53,do not override,,,,,,
2009 Brunswick Int - Upgrade,2009 Brunswick Int - Upgrade,Concept / Scoping,40,1/12/2025,,,1860.4651,266833.0924,Fee Items,237447.3026,178601.53,do not override,,,,,,
2002 Glenorchy TC - Township improvements,2002 Glenorchy TC - Township improvements,Detailed Design,71,1/12/2025,,,15000,281833.0924,Fee Items,237447.3026,178601.53,do not override,,,,,,
2003 Wanaka TC - CBD connectivity upgrades,2003 Wanaka TC - CBD connectivity upgrades,Detailed Design,99,1/12/2025,,,8540.146,290373.2384,Fee Items,243688.1785,178601.53,do not override,,,,,,
00_Programme Management,Actual,LS,23,1/12/2025,,,14249.4087,304622.6471,Fee Items,257937.5872,178601.53,do not override,,,,,,
2010 Wayfinding - Active Travel Wayfinding - Wakatipu and Wanaka,2010 Wayfinding - Active Travel Wayfinding - Wakatipu and Wanaka,Detailed Design,105,1/12/2025,,,14745.7627,319368.4098,Fee Items,273961.316,178601.53,do not override,,,,,,
2008 Fernhill Int - concept feasibility traffic assessment,2008 Fernhill Int - concept feasibility traffic assessment,Concept / Scoping,111,1/01/2026,,,0,319368.4098,Fee Items,276716.8716,178601.53,do not override,,,,,,
2011 Golf Course RBT,2011 Golf Course RBT,Concept / Scoping,86,1/01/2026,,,0,319368.4098,Fee Items,278716.8716,178601.53,do not override,,,,,,
2004 Arthurs Point - traffic calming,2004 Arthurs Point - traffic calming,Concept / Scoping,58,1/01/2026,,,590.9091,319959.3189,Fee Items,279898.6898,178601.53,do not override,,,,,,
00_Programme Management,Actual,LS,23,1/01/2026,,,14249.4087,334208.7276,Fee Items,294148.0985,178601.53,do not override,,,,,,
2011 Golf Course RBT,2011 Golf Course RBT,Concept / Scoping,85,1/01/2026,,,0,334208.7276,Fee Items,296148.0985,178601.53,do not override,,,,,,
2003 Wanaka TC - CBD connectivity upgrades,2003 Wanaka TC - CBD connectivity upgrades,Detailed Design,99,1/01/2026,,,29416.0584,363624.786,Fee Items,317644.4489,178601.53,do not override,,,,,,
2010 Wayfinding - Active Travel Wayfinding - Wakatipu and Wanaka,2010 Wayfinding - Active Travel Wayfinding - Wakatipu and Wanaka,Detailed Design,105,1/01/2026,,,15762.7119,379387.4979,Fee Items,334773.2625,178601.53,do not override,,,,,,
2011 Golf Course RBT,2011 Golf Course RBT,Concept / Scoping,84,1/01/2026,,,0,379387.4979,Fee Items,336773.2625,178601.53,do not override,,,,,,
2004 Arthurs Point - traffic calming,2004 Arthurs Point - traffic calming,Concept / Scoping,57,1/01/2026,,,719.1011,380106.599,Fee Items,337815.9591,178601.53,do not override,,,,,,
2006 RISU Signs - Rural Intersection Safety Upgrade,2006 RISU Signs - Rural Intersection Safety Upgrade,Construction,30,1/02/2026,,,19444.4444,399551.0434,Non-Fee Items,337815.9591,178601.53,do not override,,,,,,
00_Programme Management,Actual,LS,23,1/02/2026,,,12870.4336,412421.477,Fee Items,350686.3927,178601.53,do not override,,,,,,
2007 RISU Bundle - Rural Intersection Safety Upgrades,2007 RISU Bundle - Rural Intersection Safety Upgrades,Construction,34,1/02/2026,,,4067.7966,416489.2736,Non-Fee Items,354754.1893,178601.53,do not override,,,,,,
2006 RISU Signs - Rural Intersection Safety Upgrade,2006 RISU Signs - Rural Intersection Safety Upgrade,Construction,29,1/02/2026,,,2144.4444,418633.718,Fee Items,357531.9671,178601.53,do not override,,,,,,
2006 RISU Signs - Rural Intersection Safety Upgrade,2006 RISU Signs - Rural Intersection Safety Upgrade,Construction,28,1/02/2026,,,1200,419833.718,Non-Fee Items,365531.9671,178601.53,do not override,,,,,,
2009 Brunswick Int - Upgrade,2009 Brunswick Int - Upgrade,Detailed Design,41,1/02/2026,,,5052.6316,424886.3496,Fee Items,370584.5987,178601.53,do not override,,,,,,
2002 Glenorchy TC - Township improvements,2002 Glenorchy TC - Township improvements,Construction,72,1/02/2026,,,3344.2623,428230.6119,Non-Fee Items,373928.861,178601.53,do not override,,,,,,
2011 Golf Course RBT,2011 Golf Course RBT,Detailed Design,87,1/02/2026,,,18461.5385,446692.1504,Fee Items,392390.3995,178601.53,do not override,,,,,,
2003 Wanaka TC - CBD connectivity upgrades,2003 Wanaka TC - CBD connectivity upgrades,Detailed Design,99,1/02/2026,,,26569.3431,473261.4935,Fee Items,411806.4579,178601.53,do not override,,,,,,
2008 Fernhill Int - concept feasibility traffic assessment,2008 Fernhill Int - concept feasibility traffic assessment,Concept / Scoping,111,1/02/2026,,,0,473261.4935,Fee Items,414295.3468,178601.53,do not override,,,,,,
2004 Arthurs Point - traffic calming,2004 Arthurs Point - traffic calming,Concept / Scoping,58,1/02/2026,,,409.0909,473670.5844,Fee Items,415113.5286,178601.53,do not override,,,,,,
2010 Wayfinding - Active Travel Wayfinding - Wakatipu and Wanaka,2010 Wayfinding - Active Travel Wayfinding - Wakatipu and Wanaka,Detailed Design,105,1/02/2026,,,14237.2881,487907.8725,Fee Items,430584.715,178601.53,do not override,,,,,,
2008 Fernhill Int - concept feasibility traffic assessment,2008 Fernhill Int - concept feasibility traffic assessment,Concept / Scoping,111,1/03/2026,,,0,487907.8725,Fee Items,433340.2706,178601.53,do not override,,,,,,
2011 Golf Course RBT,2011 Golf Course RBT,Detailed Design,87,1/03/2026,,,23846.1538,511754.0263,Fee Items,457186.4244,178601.53,do not override,,,,,,
00_Programme Management,Actual,LS,23,1/03/2026,,,14249.4087,526003.435,Fee Items,471435.8331,178601.53,do not override,,,,,,
2006 RISU Signs - Rural Intersection Safety Upgrade,2006 RISU Signs - Rural Intersection Safety Upgrade,Construction,30,1/03/2026,,,120555.5556,646558.9906,Non-Fee Items,471435.8331,178601.53,do not override,,,,,,
2006 RISU Signs - Rural Intersection Safety Upgrade,2006 RISU Signs - Rural Intersection Safety Upgrade,Construction,29,1/03/2026,,,13295.5556,659854.5462,Fee Items,488658.0553,178601.53,do not override,,,,,,
2002 Glenorchy TC - Township improvements,2002 Glenorchy TC - Township improvements,Construction,72,1/03/2026,,,6098.3607,665952.9069,Non-Fee Items,494756.416,178601.53,do not override,,,,,,
2010 Wayfinding - Active Travel Wayfinding - Wakatipu and Wanaka,2010 Wayfinding - Active Travel Wayfinding - Wakatipu and Wanaka,Detailed Design,105,1/03/2026,,,15762.7119,681715.6188,Fee Items,511885.2296,178601.53,do not override,,,,,,
2009 Brunswick Int - Upgrade,2009 Brunswick Int - Upgrade,Detailed Design,41,1/03/2026,,,9789.4737,691505.0925,Fee Items,521674.7033,178601.53,do not override,,,,,,
2003 Wanaka TC - CBD connectivity upgrades,2003 Wanaka TC - CBD connectivity upgrades,Detailed Design,99,1/03/2026,,,29416.0584,720921.1509,Fee Items,543171.0537,178601.53,do not override,,,,,,
2004 Arthurs Point - traffic calming,2004 Arthurs Point - traffic calming,Detailed Design,59,1/03/2026,,,14666.6667,735587.8176,Fee Items,557837.7204,178601.53,do not override,,,,,,
2007 RISU Bundle - Rural Intersection Safety Upgrades,2007 RISU Bundle - Rural Intersection Safety Upgrades,Construction,34,1/03/2026,,,6305.0847,741892.9023,Non-Fee Items,564142.8051,178601.53,do not override,,,,,,
2006 RISU Signs - Rural Intersection Safety Upgrade,2006 RISU Signs - Rural Intersection Safety Upgrade,Construction,29,1/04/2026,,,3860,745752.9023,Fee Items,569142.8051,178601.53,do not override,,,,,,
00_Programme Management,Actual,LS,23,1/04/2026,,,13789.7503,759542.6526,Fee Items,582932.5554,178601.53,do not override,,,,,,
2006 RISU Signs - Rural Intersection Safety Upgrade,2006 RISU Signs - Rural Intersection Safety Upgrade,Construction,31,1/04/2026,,,385.3211,759927.9737,Non-Fee Items,583317.8765,178601.53,do not override,,,,,,
2008 Fernhill Int - concept feasibility traffic assessment,2008 Fernhill Int - concept feasibility traffic assessment,Concept / Scoping,111,1/04/2026,,,0,759927.9737,Fee Items,585984.5432,178601.53,do not override,,,,,,
2004 Arthurs Point - traffic calming,2004 Arthurs Point - traffic calming,Detailed Design,59,1/04/2026,,,20000,779927.9737,Fee Items,605984.5432,178601.53,do not override,,,,,,
2006 RISU Signs - Rural Intersection Safety Upgrade,2006 RISU Signs - Rural Intersection Safety Upgrade,Construction,30,1/04/2026,,,35000,814927.9737,Non-Fee Items,605984.5432,178601.53,do not override,,,,,,
2002 Glenorchy TC - Township improvements,2002 Glenorchy TC - Township improvements,Construction,72,1/04/2026,,,2557.377,817485.3507,Non-Fee Items,608541.9202,178601.53,do not override,,,,,,
2005 Crown Range Passing Lanes,2005 Crown Range Passing Lanes,Detailed Design,78,1/04/2026,,,1875,819360.3507,Fee Items,610416.9202,178601.53,do not override,,,,,,
2007 RISU Bundle - Rural Intersection Safety Upgrades,2007 RISU Bundle - Rural Intersection Safety Upgrades,Construction,36,1/04/2026,,,195000,1014360.351,Non-Fee Items,610416.9202,178601.53,do not override,,,,,,
2002 Glenorchy TC - Township improvements,2002 Glenorchy TC - Township improvements,Construction,74,1/04/2026,,,54400,1068760.351,Non-Fee Items,664816.9202,178601.53,do not override,,,,,,
2007 RISU Bundle - Rural Intersection Safety Upgrades,2007 RISU Bundle - Rural Intersection Safety Upgrades,Construction,37,1/04/2026,,,1379.3103,1070139.661,Non-Fee Items,664816.9202,178601.53,do not override,,,,,,
2009 Brunswick Int - Upgrade,2009 Brunswick Int - Upgrade,Detailed Design,41,1/04/2026,,,9157.8947,1079297.556,Fee Items,673974.8149,178601.53,do not override,,,,,,
2007 RISU Bundle - Rural Intersection Safety Upgrades,2007 RISU Bundle - Rural Intersection Safety Upgrades,Construction,34,1/04/2026,,,1627.1186,1080924.674,Non-Fee Items,675601.9335,178601.53,do not override,,,,,,
2010 Wayfinding - Active Travel Wayfinding - Wakatipu and Wanaka,2010 Wayfinding - Active Travel Wayfinding - Wakatipu and Wanaka,Detailed Design,105,1/04/2026,,,15254.2373,1096178.912,Fee Items,692178.2047,178601.53,do not override,,,,,,
2011 Golf Course RBT,2011 Golf Course RBT,Detailed Design,87,1/04/2026,,,23076.9231,1119255.835,Fee Items,715255.1278,178601.53,do not override,,,,,,
2003 Wanaka TC - CBD connectivity upgrades,2003 Wanaka TC - CBD connectivity upgrades,Detailed Design,99,1/04/2026,,,28467.1533,1147722.988,Fee Items,736058.0475,178601.53,do not override,,,,,,
2002 Glenorchy TC - Township improvements,2002 Glenorchy TC - Township improvements,Construction,73,1/04/2026,,,8337.3913,1156060.379,Fee Items,744395.4388,178601.53,do not override,,,,,,
2007 RISU Bundle - Rural Intersection Safety Upgrades,2007 RISU Bundle - Rural Intersection Safety Upgrades,Construction,35,1/04/2026,,,13750,1169810.379,Fee Items,753562.1055,178601.53,do not override,,,,,,
2002 Glenorchy TC - Township improvements,2002 Glenorchy TC - Township improvements,Construction,73,1/05/2026,,,15203.4783,1185013.858,Fee Items,768765.5838,178601.53,do not override,,,,,,
2007 RISU Bundle - Rural Intersection Safety Upgrades,2007 RISU Bundle - Rural Intersection Safety Upgrades,Construction,37,1/05/2026,,,5344.8276,1190358.685,Non-Fee Items,768765.5838,178601.53,do not override,,,,,,
2010 Wayfinding - Active Travel Wayfinding - Wakatipu and Wanaka,2010 Wayfinding - Active Travel Wayfinding - Wakatipu and Wanaka,Detailed Design,105,1/05/2026,,,15762.7119,1206121.397,Fee Items,785894.3974,178601.53,do not override,,,,,,
2007 RISU Bundle - Rural Intersection Safety Upgrades,2007 RISU Bundle - Rural Intersection Safety Upgrades,Construction,35,1/05/2026,,,19375,1225496.397,Fee Items,798811.0641,178601.53,do not override,,,,,,
2011 Golf Course RBT,2011 Golf Course RBT,Detailed Design,87,1/05/2026,,,4615.3846,1230111.782,Fee Items,803426.4487,178601.53,do not override,,,,,,
2005 Crown Range Passing Lanes,2005 Crown Range Passing Lanes,Detailed Design,78,1/05/2026,,,29062.5,1259174.282,Fee Items,832488.9487,178601.53,do not override,,,,,,
00_Programme Management,Actual,LS,23,1/05/2026,,,14249.4087,1273423.69,Fee Items,846738.3574,178601.53,do not override,,,,,,
2006 RISU Signs - Rural Intersection Safety Upgrade,2006 RISU Signs - Rural Intersection Safety Upgrade,Construction,31,1/05/2026,,,568.8073,1273992.498,Non-Fee Items,847307.1647,178601.53,do not override,,,,,,
2008 Fernhill Int - concept feasibility traffic assessment,2008 Fernhill Int - concept feasibility traffic assessment,Concept / Scoping,111,1/05/2026,,,0,1273992.498,Fee Items,850062.7203,178601.53,do not override,,,,,,
2003 Wanaka TC - CBD connectivity upgrades,2003 Wanaka TC - CBD connectivity upgrades,Detailed Design,100,1/05/2026,,,1000,1274992.498,Fee Items,851062.7203,178601.53,do not override,,,,,,
2002 Glenorchy TC - Township improvements,2002 Glenorchy TC - Township improvements,Construction,74,1/05/2026,,,99200,1374192.498,Non-Fee Items,950262.7203,178601.53,do not override,,,,,,
2003 Wanaka TC - CBD connectivity upgrades,2003 Wanaka TC - CBD connectivity upgrades,Detailed Design,99,1/05/2026,,,7591.2409,1381783.739,Fee Items,955810.1656,178601.53,do not override,,,,,,
2011 Golf Course RBT,2011 Golf Course RBT,Detailed Design,88,1/05/2026,,,3448.2759,1385232.015,Fee Items,959258.4415,178601.53,do not override,,,,,,
2004 Arthurs Point - traffic calming,2004 Arthurs Point - traffic calming,Detailed Design,59,1/05/2026,,,5333.3333,1390565.348,Fee Items,964591.7748,178601.53,do not override,,,,,,
2011 Golf Course RBT,2011 Golf Course RBT,Detailed Design,89,1/06/2026,,,4000,1394565.348,Fee Items,968591.7748,178601.53,do not override,,,,,,
2011 Golf Course RBT,2011 Golf Course RBT,Detailed Design,88,1/06/2026,,,551.7241,1395117.072,Fee Items,969143.4989,178601.53,do not override,,,,,,
2008 Fernhill Int - concept feasibility traffic assessment,2008 Fernhill Int - concept feasibility traffic assessment,Concept / Scoping,111,1/06/2026,,,0,1395117.072,Fee Items,971810.1656,178601.53,do not override,,,,,,
2002 Glenorchy TC - Township improvements,2002 Glenorchy TC - Township improvements,Construction,73,1/06/2026,,,14713.0435,1409830.115,Fee Items,986523.2091,178601.53,do not override,,,,,,
2010 Wayfinding - Active Travel Wayfinding - Wakatipu and Wanaka,2010 Wayfinding - Active Travel Wayfinding - Wakatipu and Wanaka,Detailed Design,105,1/06/2026,,,15254.2373,1425084.353,Fee Items,1003099.48,178601.53,do not override,,,,,,
2003 Wanaka TC - CBD connectivity upgrades,2003 Wanaka TC - CBD connectivity upgrades,Construction,101,1/06/2026,,,263.1579,1425347.511,Non-Fee Items,1003362.638,178601.53,do not override,,,,,,
2005 Crown Range Passing Lanes,2005 Crown Range Passing Lanes,Detailed Design,78,1/06/2026,,,28125,1453472.511,Fee Items,1031487.638,178601.53,do not override,,,,,,
2002 Glenorchy TC - Township improvements,2002 Glenorchy TC - Township improvements,Construction,74,1/06/2026,,,96000,1549472.511,Non-Fee Items,1127487.638,178601.53,do not override,,,,,,
00_Programme Management,Actual,LS,23,1/06/2026,,,13789.7503,1563262.261,Fee Items,1141277.389,178601.53,do not override,,,,,,
2006 RISU Signs - Rural Intersection Safety Upgrade,2006 RISU Signs - Rural Intersection Safety Upgrade,Construction,31,1/06/2026,,,550.4587,1563812.72,Non-Fee Items,1141827.847,178601.53,do not override,,,,,,
2004 Arthurs Point - traffic calming,2004 Arthurs Point - traffic calming,Construction,60,1/06/2026,,,3046.875,1566859.595,Non-Fee Items,1144874.722,178601.53,do not override,,,,,,
2007 RISU Bundle - Rural Intersection Safety Upgrades,2007 RISU Bundle - Rural Intersection Safety Upgrades,Construction,35,1/06/2026,,,11875,1578734.595,Fee Items,1152791.389,178601.53,do not override,,,,,,
2007 RISU Bundle - Rural Intersection Safety Upgrades,2007 RISU Bundle - Rural Intersection Safety Upgrades,Construction,37,1/06/2026,,,3275.8621,1582010.457,Non-Fee Items,1152791.389,178601.53,do not override,,,,,,
2009 Brunswick Int - Upgrade,2009 Brunswick Int - Upgrade,Construction,42,1/06/2026,,,7679.0698,1589689.527,Non-Fee Items,1160470.459,178601.53,do not override,,,,,,
00_Programme Management,Actual,LS,23,1/07/2026,,,14249.4087,1603938.935,Fee Items,1174719.867,178601.53,do not override,,,,,,
2004 Arthurs Point - traffic calming,2004 Arthurs Point - traffic calming,Construction,60,1/07/2026,,,6296.875,1610235.81,Non-Fee Items,1181016.742,178601.53,do not override,,,,,,
2002 Glenorchy TC - Township improvements,2002 Glenorchy TC - Township improvements,Construction,74,1/07/2026,,,99200,1709435.81,Non-Fee Items,1280216.742,178601.53,do not override,,,,,,
2005 Crown Range Passing Lanes,2005 Crown Range Passing Lanes,Detailed Design,78,1/07/2026,,,937.5,1710373.31,Fee Items,1281154.242,178601.53,do not override,,,,,,
2005 Crown Range Passing Lanes,2005 Crown Range Passing Lanes,Detailed Design,79,1/07/2026,,,4000,1714373.31,Fee Items,1285154.242,178601.53,do not override,,,,,,
2011 Golf Course RBT,2011 Golf Course RBT,Construction,90,1/07/2026,,,1470.5882,1715843.898,Non-Fee Items,1286624.831,178601.53,do not override,,,,,,
2009 Brunswick Int - Upgrade,2009 Brunswick Int - Upgrade,Construction,44,1/07/2026,,,33529.4118,1749373.31,Non-Fee Items,1313095.419,178601.53,do not override,,,,,,
2009 Brunswick Int - Upgrade,2009 Brunswick Int - Upgrade,Construction,42,1/07/2026,,,5020.9302,1754394.24,Non-Fee Items,1318116.349,178601.53,do not override,,,,,,
2009 Brunswick Int - Upgrade,2009 Brunswick Int - Upgrade,Construction,43,1/07/2026,,,7058.8235,1761453.064,Fee Items,1325175.173,178601.53,do not override,,,,,,
2002 Glenorchy TC - Township improvements,2002 Glenorchy TC - Township improvements,Construction,73,1/07/2026,,,15203.4783,1776656.542,Fee Items,1340378.651,178601.53,do not override,,,,,,
2008 Fernhill Int - concept feasibility traffic assessment,2008 Fernhill Int - concept feasibility traffic assessment,Concept / Scoping,111,1/07/2026,,,0,1776656.542,Fee Items,1343134.206,178601.53,do not override,,,,,,
2006 RISU Signs - Rural Intersection Safety Upgrade,2006 RISU Signs - Rural Intersection Safety Upgrade,Construction,31,1/07/2026,,,568.8073,1777225.35,Non-Fee Items,1343703.014,178601.53,do not override,,,,,,
2010 Wayfinding - Active Travel Wayfinding - Wakatipu and Wanaka,2010 Wayfinding - Active Travel Wayfinding - Wakatipu and Wanaka,Detailed Design,105,1/07/2026,,,15762.7119,1792988.061,Fee Items,1360831.827,178601.53,do not override,,,,,,
2003 Wanaka TC - CBD connectivity upgrades,2003 Wanaka TC - CBD connectivity upgrades,Construction,101,1/07/2026,,,8157.8947,1801145.956,Non-Fee Items,1368989.722,178601.53,do not override,,,,,,
2008 Fernhill Int - concept feasibility traffic assessment,2008 Fernhill Int - concept feasibility traffic assessment,Concept / Scoping,112,1/08/2026,,,0,1801145.956,Fee Items,1372342.323,178601.53,do not override,,,,,,
2006 RISU Signs - Rural Intersection Safety Upgrade,2006 RISU Signs - Rural Intersection Safety Upgrade,Construction,31,1/08/2026,,,568.8073,1801714.763,Non-Fee Items,1372911.131,178601.53,do not override,,,,,,
2010 Wayfinding - Active Travel Wayfinding - Wakatipu and Wanaka,2010 Wayfinding - Active Travel Wayfinding - Wakatipu and Wanaka,Detailed Design,105,1/08/2026,,,15762.7119,1817477.475,Fee Items,1390039.944,178601.53,do not override,,,,,,
2002 Glenorchy TC - Township improvements,2002 Glenorchy TC - Township improvements,Construction,74,1/08/2026,,,19200,1836677.475,Non-Fee Items,1409239.944,178601.53,do not override,,,,,,
2002 Glenorchy TC - Township improvements,2002 Glenorchy TC - Township improvements,Construction,75,1/08/2026,,,457.8755,1837135.351,Non-Fee Items,1409697.82,178601.53,do not override,,,,,,
2009 Brunswick Int - Upgrade,2009 Brunswick Int - Upgrade,Construction,44,1/08/2026,,,86617.6471,1923752.998,Non-Fee Items,1478080.173,178601.53,do not override,,,,,,
2003 Wanaka TC - CBD connectivity upgrades,2003 Wanaka TC - CBD connectivity upgrades,Construction,102,1/08/2026,,,1647.2727,1925400.271,Fee Items,1480152.9,178601.53,do not override,,,,,,
2011 Golf Course RBT,2011 Golf Course RBT,Construction,90,1/08/2026,,,9117.6471,1934517.918,Non-Fee Items,1489270.547,178601.53,do not override,,,,,,
2003 Wanaka TC - CBD connectivity upgrades,2003 Wanaka TC - CBD connectivity upgrades,Construction,101,1/08/2026,,,6578.9474,1941096.865,Non-Fee Items,1495849.494,178601.53,do not override,,,,,,
2009 Brunswick Int - Upgrade,2009 Brunswick Int - Upgrade,Construction,43,1/08/2026,,,18235.2941,1959332.159,Fee Items,1514084.788,178601.53,do not override,,,,,,
2003 Wanaka TC - CBD connectivity upgrades,2003 Wanaka TC - CBD connectivity upgrades,Construction,103,1/08/2026,,,38181.8182,1997513.977,Non-Fee Items,1552266.607,178601.53,do not override,,,,,,
2002 Glenorchy TC - Township improvements,2002 Glenorchy TC - Township improvements,Construction,73,1/08/2026,,,2942.6087,2000456.586,Fee Items,1555209.215,178601.53,do not override,,,,,,
2004 Arthurs Point - traffic calming,2004 Arthurs Point - traffic calming,Construction,62,1/08/2026,,,45959.596,2046416.182,Non-Fee Items,1601168.811,178601.53,do not override,,,,,,
2004 Arthurs Point - traffic calming,2004 Arthurs Point - traffic calming,Construction,60,1/08/2026,,,3656.25,2050072.432,Non-Fee Items,1604825.061,178601.53,do not override,,,,,,
00_Programme Management,Actual,LS,23,1/08/2026,,,14249.4087,2064321.841,Fee Items,1619074.47,178601.53,do not override,,,,,,
2004 Arthurs Point - traffic calming,2004 Arthurs Point - traffic calming,Construction,61,1/08/2026,,,9060.6061,2073382.447,Fee Items,1628135.076,178601.53,do not override,,,,,,
2004 Arthurs Point - traffic calming,2004 Arthurs Point - traffic calming,Construction,62,1/09/2026,,,106060.6061,2179443.053,Non-Fee Items,1734195.682,178601.53,do not override,,,,,,
2008 Fernhill Int - concept feasibility traffic assessment,2008 Fernhill Int - concept feasibility traffic assessment,Concept / Scoping,112,1/09/2026,,,0,2179443.053,Fee Items,1737663.89,178601.53,do not override,,,,,,
2009 Brunswick Int - Upgrade,2009 Brunswick Int - Upgrade,Construction,45,1/09/2026,,,54.7445,2179497.798,Non-Fee Items,1737718.635,178601.53,do not override,,,,,,
2010 Wayfinding - Active Travel Wayfinding - Wakatipu and Wanaka,2010 Wayfinding - Active Travel Wayfinding - Wakatipu and Wanaka,Detailed Design,105,1/09/2026,,,11694.9153,2191192.713,Fee Items,1750427.109,178601.53,do not override,,,,,,
2002 Glenorchy TC - Township improvements,2002 Glenorchy TC - Township improvements,Construction,75,1/09/2026,,,549.4505,2191742.163,Non-Fee Items,1750976.56,178601.53,do not override,,,,,,
2004 Arthurs Point - traffic calming,2004 Arthurs Point - traffic calming,Construction,61,1/09/2026,,,20909.0909,2212651.254,Fee Items,1771885.651,178601.53,do not override,,,,,,
2003 Wanaka TC - CBD connectivity upgrades,2003 Wanaka TC - CBD connectivity upgrades,Construction,103,1/09/2026,,,190909.0909,2403560.345,Non-Fee Items,1962794.742,178601.53,do not override,,,,,,
2009 Brunswick Int - Upgrade,2009 Brunswick Int - Upgrade,Construction,44,1/09/2026,,,69852.9412,2473413.286,Non-Fee Items,2017941.801,178601.53,do not override,,,,,,
2003 Wanaka TC - CBD connectivity upgrades,2003 Wanaka TC - CBD connectivity upgrades,Construction,102,1/09/2026,,,8236.3636,2481649.65,Fee Items,2028305.437,178601.53,do not override,,,,,,
00_Programme Management,Actual,LS,23,1/09/2026,,,13789.7503,2495439.4,Fee Items,2042095.187,178601.53,do not override,,,,,,
2009 Brunswick Int - Upgrade,2009 Brunswick Int - Upgrade,Construction,43,1/09/2026,,,14705.8824,2510145.283,Fee Items,2056801.07,178601.53,do not override,,,,,,
2011 Golf Course RBT,2011 Golf Course RBT,Construction,90,1/09/2026,,,8823.5294,2518968.812,Non-Fee Items,2065624.599,178601.53,do not override,,,,,,
2006 RISU Signs - Rural Intersection Safety Upgrade,2006 RISU Signs - Rural Intersection Safety Upgrade,Construction,31,1/09/2026,,,550.4587,2519519.271,Non-Fee Items,2066175.058,178601.53,do not override,,,,,,
2006 RISU Signs - Rural Intersection Safety Upgrade,2006 RISU Signs - Rural Intersection Safety Upgrade,Construction,31,1/10/2026,,,568.8073,2520088.078,Non-Fee Items,2066743.865,178601.53,do not override,,,,,,
2003 Wanaka TC - CBD connectivity upgrades,2003 Wanaka TC - CBD connectivity upgrades,Construction,103,1/10/2026,,,197272.7273,2717360.805,Non-Fee Items,2264016.592,178601.53,do not override,,,,,,
00_Programme Management,Actual,LS,23,1/10/2026,,,14249.4087,2731610.214,Fee Items,2278266.001,178601.53,do not override,,,,,,
2011 Golf Course RBT,2011 Golf Course RBT,Construction,90,1/10/2026,,,588.2353,2732198.449,Non-Fee Items,2278854.236,178601.53,do not override,,,,,,
2010 Wayfinding - Active Travel Wayfinding - Wakatipu and Wanaka,2010 Wayfinding - Active Travel Wayfinding - Wakatipu and Wanaka,Construction,106,1/10/2026,,,8947.3684,2741145.818,Non-Fee Items,2283327.921,178601.53,do not override,,,,,,
2009 Brunswick Int - Upgrade,2009 Brunswick Int - Upgrade,Construction,45,1/10/2026,,,565.6934,2741711.511,Non-Fee Items,2283893.614,178601.53,do not override,,,,,,
2004 Arthurs Point - traffic calming,2004 Arthurs Point - traffic calming,Construction,61,1/10/2026,,,21606.0606,2763317.572,Fee Items,2305499.675,178601.53,do not override,,,,,,
2003 Wanaka TC - CBD connectivity upgrades,2003 Wanaka TC - CBD connectivity upgrades,Construction,102,1/10/2026,,,8510.9091,2771828.481,Fee Items,2316208.765,178601.53,do not override,,,,,,
2005 Crown Range Passing Lanes,2005 Crown Range Passing Lanes,Construction,80,1/10/2026,,,6315.7895,2778144.27,Non-Fee Items,2322524.555,178601.53,do not override,,,,,,
2008 Fernhill Int - concept feasibility traffic assessment,2008 Fernhill Int - concept feasibility traffic assessment,Concept / Scoping,112,1/10/2026,,,0,2778144.27,Fee Items,2326108.37,178601.53,do not override,,,,,,
2002 Glenorchy TC - Township improvements,2002 Glenorchy TC - Township improvements,Construction,75,1/10/2026,,,567.7656,2778712.036,Non-Fee Items,2326676.136,178601.53,do not override,,,,,,
2004 Arthurs Point - traffic calming,2004 Arthurs Point - traffic calming,Construction,62,1/10/2026,,,109595.9596,2888307.996,Non-Fee Items,2436272.095,178601.53,do not override,,,,,,
2004 Arthurs Point - traffic calming,2004 Arthurs Point - traffic calming,Construction,63,1/11/2026,,,90.5797,2888398.575,Non-Fee Items,2436362.675,178601.53,do not override,,,,,,
2009 Brunswick Int - Upgrade,2009 Brunswick Int - Upgrade,Construction,45,1/11/2026,,,547.4453,2888946.021,Non-Fee Items,2436910.12,178601.53,do not override,,,,,,
2011 Golf Course RBT,2011 Golf Course RBT,Construction,91,1/11/2026,,,16431.9249,2905377.945,Fee Items,2453342.045,178601.53,do not override,,,,,,
2004 Arthurs Point - traffic calming,2004 Arthurs Point - traffic calming,Construction,61,1/11/2026,,,17424.2424,2922802.188,Fee Items,2470766.287,178601.53,do not override,,,,,,
2011 Golf Course RBT,2011 Golf Course RBT,Construction,92,1/11/2026,,,309051.6432,3231853.831,Non-Fee Items,2779817.931,178601.53,do not override,,,,,,
2008 Fernhill Int - concept feasibility traffic assessment,2008 Fernhill Int - concept feasibility traffic assessment,Concept / Scoping,112,1/11/2026,,,0,3231853.831,Fee Items,2783286.139,178601.53,do not override,,,,,,
2003 Wanaka TC - CBD connectivity upgrades,2003 Wanaka TC - CBD connectivity upgrades,Construction,102,1/11/2026,,,8236.3636,3240090.195,Fee Items,2793649.775,178601.53,do not override,,,,,,
2003 Wanaka TC - CBD connectivity upgrades,2003 Wanaka TC - CBD connectivity upgrades,Construction,103,1/11/2026,,,190909.0909,3430999.286,Non-Fee Items,2984558.866,178601.53,do not override,,,,,,
2005 Crown Range Passing Lanes,2005 Crown Range Passing Lanes,Construction,82,1/11/2026,,,4814.8148,3435814.1,Non-Fee Items,2989373.681,178601.53,do not override,,,,,,
2002 Glenorchy TC - Township improvements,2002 Glenorchy TC - Township improvements,Construction,75,1/11/2026,,,549.4505,3436363.551,Non-Fee Items,2989923.131,178601.53,do not override,,,,,,
2005 Crown Range Passing Lanes,2005 Crown Range Passing Lanes,Construction,81,1/11/2026,,,486.6667,3436850.218,Fee Items,2990409.798,178601.53,do not override,,,,,,
2005 Crown Range Passing Lanes,2005 Crown Range Passing Lanes,Construction,80,1/11/2026,,,5684.2105,3442534.428,Non-Fee Items,2996094.009,178601.53,do not override,,,,,,
00_Programme Management,Actual,LS,23,1/11/2026,,,13789.7503,3456324.178,Fee Items,3009883.759,178601.53,do not override,,,,,,
2010 Wayfinding - Active Travel Wayfinding - Wakatipu and Wanaka,2010 Wayfinding - Active Travel Wayfinding - Wakatipu and Wanaka,Construction,106,1/11/2026,,,15789.4737,3472113.652,Non-Fee Items,3017778.496,178601.53,do not override,,,,,,
2004 Arthurs Point - traffic calming,2004 Arthurs Point - traffic calming,Construction,62,1/11/2026,,,88383.8384,3560497.49,Non-Fee Items,3106162.334,178601.53,do not override,,,,,,
2006 RISU Signs - Rural Intersection Safety Upgrade,2006 RISU Signs - Rural Intersection Safety Upgrade,Construction,31,1/11/2026,,,550.4587,3561047.949,Non-Fee Items,3106712.793,178601.53,do not override,,,,,,
2002 Glenorchy TC - Township improvements,2002 Glenorchy TC - Township improvements,Construction,75,1/12/2026,,,567.7656,3561615.715,Non-Fee Items,3107280.558,178601.53,do not override,,,,,,
00_Programme Management,Actual,LS,23,1/12/2026,,,14249.4087,3575865.123,Fee Items,3121529.967,178601.53,do not override,,,,,,
2009 Brunswick Int - Upgrade,2009 Brunswick Int - Upgrade,Construction,45,1/12/2026,,,565.6934,3576430.817,Non-Fee Items,3122095.66,178601.53,do not override,,,,,,
2011 Golf Course RBT,2011 Golf Course RBT,Construction,91,1/12/2026,,,18192.4883,3594623.305,Fee Items,3140288.149,178601.53,do not override,,,,,,
2006 RISU Signs - Rural Intersection Safety Upgrade,2006 RISU Signs - Rural Intersection Safety Upgrade,Construction,31,1/12/2026,,,568.8073,3595192.112,Non-Fee Items,3140856.956,178601.53,do not override,,,,,,
2011 Golf Course RBT,2011 Golf Course RBT,Construction,92,1/12/2026,,,342164.3192,3937356.432,Non-Fee Items,3483021.275,178601.53,do not override,,,,,,
2008 Fernhill Int - concept feasibility traffic assessment,2008 Fernhill Int - concept feasibility traffic assessment,Concept / Scoping,112,1/12/2026,,,0,3937356.432,Fee Items,3486605.09,178601.53,do not override,,,,,,
2010 Wayfinding - Active Travel Wayfinding - Wakatipu and Wanaka,2010 Wayfinding - Active Travel Wayfinding - Wakatipu and Wanaka,Construction,108,1/12/2026,,,60869.5652,3998225.997,Non-Fee Items,3547474.655,178601.53,do not override,,,,,,
2003 Wanaka TC - CBD connectivity upgrades,2003 Wanaka TC - CBD connectivity upgrades,Construction,103,1/12/2026,,,197272.7273,4195498.724,Non-Fee Items,3744747.383,178601.53,do not override,,,,,,
2003 Wanaka TC - CBD connectivity upgrades,2003 Wanaka TC - CBD connectivity upgrades,Construction,102,1/12/2026,,,8510.9091,4204009.633,Fee Items,3755456.474,178601.53,do not override,,,,,,
2010 Wayfinding - Active Travel Wayfinding - Wakatipu and Wanaka,2010 Wayfinding - Active Travel Wayfinding - Wakatipu and Wanaka,Construction,106,1/12/2026,,,5263.1579,4209272.791,Non-Fee Items,3758088.053,178601.53,do not override,,,,,,
2005 Crown Range Passing Lanes,2005 Crown Range Passing Lanes,Construction,81,1/12/2026,,,15086.6667,4224359.458,Fee Items,3773174.719,178601.53,do not override,,,,,,
2010 Wayfinding - Active Travel Wayfinding - Wakatipu and Wanaka,2010 Wayfinding - Active Travel Wayfinding - Wakatipu and Wanaka,Construction,107,1/12/2026,,,4565.2174,4228924.675,Fee Items,3785652.98,178601.53,do not override,,,,,,
2005 Crown Range Passing Lanes,2005 Crown Range Passing Lanes,Construction,82,1/12/2026,,,149259.2593,4378183.935,Non-Fee Items,3934912.239,178601.53,do not override,,,,,,
2004 Arthurs Point - traffic calming,2004 Arthurs Point - traffic calming,Construction,63,1/12/2026,,,561.5942,4378745.529,Non-Fee Items,3935473.834,178601.53,do not override,,,,,,
2003 Wanaka TC - CBD connectivity upgrades,2003 Wanaka TC - CBD connectivity upgrades,Construction,103,1/01/2027,,,197272.7273,4576018.256,Non-Fee Items,4132746.561,178601.53,do not override,,,,,,
2005 Crown Range Passing Lanes,2005 Crown Range Passing Lanes,Construction,81,1/01/2027,,,15086.6667,4591104.923,Fee Items,4147833.228,178601.53,do not override,,,,,,
2009 Brunswick Int - Upgrade,2009 Brunswick Int - Upgrade,Construction,45,1/01/2027,,,565.6934,4591670.616,Non-Fee Items,4148398.921,178601.53,do not override,,,,,,
00_Programme Management,Actual,LS,23,1/01/2027,,,14249.4087,4605920.025,Fee Items,4162648.33,178601.53,do not override,,,,,,
2004 Arthurs Point - traffic calming,2004 Arthurs Point - traffic calming,Construction,63,1/01/2027,,,561.5942,4606481.619,Non-Fee Items,4163209.924,178601.53,do not override,,,,,,
2011 Golf Course RBT,2011 Golf Course RBT,Construction,91,1/01/2027,,,18192.4883,4624674.107,Fee Items,4181402.412,178601.53,do not override,,,,,,
2006 RISU Signs - Rural Intersection Safety Upgrade,2006 RISU Signs - Rural Intersection Safety Upgrade,Construction,31,1/01/2027,,,568.8073,4625242.915,Non-Fee Items,4181971.22,178601.53,do not override,,,,,,
2010 Wayfinding - Active Travel Wayfinding - Wakatipu and Wanaka,2010 Wayfinding - Active Travel Wayfinding - Wakatipu and Wanaka,Construction,107,1/01/2027,,,6739.1304,4631982.045,Fee Items,4200391.509,178601.53,do not override,,,,,,
2011 Golf Course RBT,2011 Golf Course RBT,Construction,92,1/01/2027,,,342164.3192,4974146.364,Non-Fee Items,4542555.829,178601.53,do not override,,,,,,
2008 Fernhill Int - concept feasibility traffic assessment,2008 Fernhill Int - concept feasibility traffic assessment,Concept / Scoping,113,1/01/2027,,,2655.1724,4976801.537,Fee Items,4542555.829,178601.53,do not override,,,,,,
2008 Fernhill Int - concept feasibility traffic assessment,2008 Fernhill Int - concept feasibility traffic assessment,Concept / Scoping,112,1/01/2027,,,0,4976801.537,Fee Items,4545099.181,178601.53,do not override,,,,,,
2002 Glenorchy TC - Township improvements,2002 Glenorchy TC - Township improvements,Construction,75,1/01/2027,,,567.7656,4977369.302,Non-Fee Items,4545666.947,178601.53,do not override,,,,,,
2003 Wanaka TC - CBD connectivity upgrades,2003 Wanaka TC - CBD connectivity upgrades,Construction,102,1/01/2027,,,8510.9091,4985880.211,Fee Items,4556376.038,178601.53,do not override,,,,,,
2010 Wayfinding - Active Travel Wayfinding - Wakatipu and Wanaka,2010 Wayfinding - Active Travel Wayfinding - Wakatipu and Wanaka,Construction,108,1/01/2027,,,89855.0725,5075735.284,Non-Fee Items,4646231.11,178601.53,do not override,,,,,,
2005 Crown Range Passing Lanes,2005 Crown Range Passing Lanes,Construction,82,1/01/2027,,,149259.2593,5224994.543,Non-Fee Items,4795490.37,178601.53,do not override,,,,,,
2010 Wayfinding - Active Travel Wayfinding - Wakatipu and Wanaka,2010 Wayfinding - Active Travel Wayfinding - Wakatipu and Wanaka,Construction,109,1/02/2027,,,31884.058,5256878.601,Non-Fee Items,4827374.428,178601.53,do not override,,,,,,
2004 Arthurs Point - traffic calming,2004 Arthurs Point - traffic calming,Construction,63,1/02/2027,,,507.2464,5257385.848,Non-Fee Items,4827881.674,178601.53,do not override,,,,,,
2010 Wayfinding - Active Travel Wayfinding - Wakatipu and Wanaka,2010 Wayfinding - Active Travel Wayfinding - Wakatipu and Wanaka,Construction,108,1/02/2027,,,49275.3623,5306661.21,Non-Fee Items,4877157.036,178601.53,do not override,,,,,,
2008 Fernhill Int - concept feasibility traffic assessment,2008 Fernhill Int - concept feasibility traffic assessment,Concept / Scoping,113,1/02/2027,,,10620.6897,5317281.9,Fee Items,4877157.036,178601.53,do not override,,,,,,
2003 Wanaka TC - CBD connectivity upgrades,2003 Wanaka TC - CBD connectivity upgrades,Construction,102,1/02/2027,,,7687.2727,5324969.172,Fee Items,4886829.764,178601.53,do not override,,,,,,
2010 Wayfinding - Active Travel Wayfinding - Wakatipu and Wanaka,2010 Wayfinding - Active Travel Wayfinding - Wakatipu and Wanaka,Construction,107,1/02/2027,,,6086.9565,5331056.129,Fee Items,4903467.445,178601.53,do not override,,,,,,
2006 RISU Signs - Rural Intersection Safety Upgrade,2006 RISU Signs - Rural Intersection Safety Upgrade,Construction,31,1/02/2027,,,513.7615,5331569.89,Non-Fee Items,4903981.206,178601.53,do not override,,,,,,
2011 Golf Course RBT,2011 Golf Course RBT,Construction,92,1/02/2027,,,309051.6432,5640621.533,Non-Fee Items,5213032.849,178601.53,do not override,,,,,,
2003 Wanaka TC - CBD connectivity upgrades,2003 Wanaka TC - CBD connectivity upgrades,Construction,103,1/02/2027,,,178181.8182,5818803.352,Non-Fee Items,5391214.668,178601.53,do not override,,,,,,
2011 Golf Course RBT,2011 Golf Course RBT,Construction,91,1/02/2027,,,16431.9249,5835235.277,Fee Items,5407646.593,178601.53,do not override,,,,,,
2005 Crown Range Passing Lanes,2005 Crown Range Passing Lanes,Construction,81,1/02/2027,,,13626.6667,5848861.943,Fee Items,5421273.259,178601.53,do not override,,,,,,
2005 Crown Range Passing Lanes,2005 Crown Range Passing Lanes,Construction,82,1/02/2027,,,134814.8148,5983676.758,Non-Fee Items,5556088.074,178601.53,do not override,,,,,,
2009 Brunswick Int - Upgrade,2009 Brunswick Int - Upgrade,Construction,45,1/02/2027,,,510.9489,5984187.707,Non-Fee Items,5556599.023,178601.53,do not override,,,,,,
00_Programme Management,Actual,LS,23,1/02/2027,,,12870.4336,5997058.141,Fee Items,5569469.457,178601.53,do not override,,,,,,
2002 Glenorchy TC - Township improvements,2002 Glenorchy TC - Township improvements,Construction,75,1/02/2027,,,512.8205,5997570.961,Non-Fee Items,5569982.277,178601.53,do not override,,,,,,
2006 RISU Signs - Rural Intersection Safety Upgrade,2006 RISU Signs - Rural Intersection Safety Upgrade,Construction,31,1/03/2027,,,568.8073,5998139.768,Non-Fee Items,5570551.084,178601.53,do not override,,,,,,
00_Programme Management,Actual,LS,23,1/03/2027,,,14249.4087,6012389.177,Fee Items,5584800.493,178601.53,do not override,,,,,,
2010 Wayfinding - Active Travel Wayfinding - Wakatipu and Wanaka,2010 Wayfinding - Active Travel Wayfinding - Wakatipu and Wanaka,Construction,107,1/03/2027,,,6739.1304,6019128.307,Fee Items,5603220.783,178601.53,do not override,,,,,,
2010 Wayfinding - Active Travel Wayfinding - Wakatipu and Wanaka,2010 Wayfinding - Active Travel Wayfinding - Wakatipu and Wanaka,Construction,109,1/03/2027,,,89855.0725,6108983.38,Non-Fee Items,5693075.855,178601.53,do not override,,,,,,
2003 Wanaka TC - CBD connectivity upgrades,2003 Wanaka TC - CBD connectivity upgrades,Construction,102,1/03/2027,,,8510.9091,6117494.289,Fee Items,5703784.946,178601.53,do not override,,,,,,
2004 Arthurs Point - traffic calming,2004 Arthurs Point - traffic calming,Construction,63,1/03/2027,,,561.5942,6118055.883,Non-Fee Items,5704346.541,178601.53,do not override,,,,,,
2005 Crown Range Passing Lanes,2005 Crown Range Passing Lanes,Construction,82,1/03/2027,,,149259.2593,6267315.143,Non-Fee Items,5853605.8,178601.53,do not override,,,,,,
2011 Golf Course RBT,2011 Golf Course RBT,Construction,92,1/03/2027,,,342164.3192,6609479.462,Non-Fee Items,6195770.119,178601.53,do not override,,,,,,
2003 Wanaka TC - CBD connectivity upgrades,2003 Wanaka TC - CBD connectivity upgrades,Construction,103,1/03/2027,,,197272.7273,6806752.189,Non-Fee Items,6393042.846,178601.53,do not override,,,,,,
2005 Crown Range Passing Lanes,2005 Crown Range Passing Lanes,Construction,81,1/03/2027,,,15086.6667,6821838.856,Fee Items,6408129.513,178601.53,do not override,,,,,,
2002 Glenorchy TC - Township improvements,2002 Glenorchy TC - Township improvements,Construction,75,1/03/2027,,,567.7656,6822406.621,Non-Fee Items,6408697.279,178601.53,do not override,,,,,,
2008 Fernhill Int - concept feasibility traffic assessment,2008 Fernhill Int - concept feasibility traffic assessment,Concept / Scoping,113,1/03/2027,,,11758.6207,6834165.242,Fee Items,6408697.279,178601.53,do not override,,,,,,
2009 Brunswick Int - Upgrade,2009 Brunswick Int - Upgrade,Construction,45,1/03/2027,,,565.6934,6834730.935,Non-Fee Items,6409262.972,178601.53,do not override,,,,,,
2011 Golf Course RBT,2011 Golf Course RBT,Construction,91,1/03/2027,,,18192.4883,6852923.424,Fee Items,6427455.46,178601.53,do not override,,,,,,
2002 Glenorchy TC - Township improvements,2002 Glenorchy TC - Township improvements,Construction,75,1/04/2027,,,549.4505,6853472.874,Non-Fee Items,6428004.911,178601.53,do not override,,,,,,
2009 Brunswick Int - Upgrade,2009 Brunswick Int - Upgrade,Construction,45,1/04/2027,,,547.4453,6854020.32,Non-Fee Items,6428552.356,178601.53,do not override,,,,,,
00_Programme Management,Actual,LS,23,1/04/2027,,,13789.7503,6867810.07,Fee Items,6442342.106,178601.53,do not override,,,,,,
2008 Fernhill Int - concept feasibility traffic assessment,2008 Fernhill Int - concept feasibility traffic assessment,Concept / Scoping,113,1/04/2027,,,7965.5172,6875775.587,Fee Items,6442342.106,178601.53,do not override,,,,,,
2010 Wayfinding - Active Travel Wayfinding - Wakatipu and Wanaka,2010 Wayfinding - Active Travel Wayfinding - Wakatipu and Wanaka,Construction,107,1/04/2027,,,5869.5652,6881645.152,Fee Items,6458385.585,178601.53,do not override,,,,,,
2010 Wayfinding - Active Travel Wayfinding - Wakatipu and Wanaka,2010 Wayfinding - Active Travel Wayfinding - Wakatipu and Wanaka,Construction,109,1/04/2027,,,78260.8696,6959906.022,Non-Fee Items,6536646.454,178601.53,do not override,,,,,,
2006 RISU Signs - Rural Intersection Safety Upgrade,2006 RISU Signs - Rural Intersection Safety Upgrade,Construction,31,1/04/2027,,,550.4587,6960456.481,Non-Fee Items,6537196.913,178601.53,do not override,,,,,,
2005 Crown Range Passing Lanes,2005 Crown Range Passing Lanes,Construction,82,1/04/2027,,,62592.5926,7023049.073,Non-Fee Items,6599789.506,178601.53,do not override,,,,,,
2004 Arthurs Point - traffic calming,2004 Arthurs Point - traffic calming,Construction,63,1/04/2027,,,543.4783,7023592.551,Non-Fee Items,6600332.984,178601.53,do not override,,,,,,
2011 Golf Course RBT,2011 Golf Course RBT,Construction,91,1/04/2027,,,17605.6338,7041198.185,Fee Items,6617938.618,178601.53,do not override,,,,,,
2003 Wanaka TC - CBD connectivity upgrades,2003 Wanaka TC - CBD connectivity upgrades,Construction,102,1/04/2027,,,549.0909,7041747.276,Fee Items,6618629.527,178601.53,do not override,,,,,,
2005 Crown Range Passing Lanes,2005 Crown Range Passing Lanes,Construction,83,1/04/2027,,,311.9266,7042059.203,Non-Fee Items,6618941.453,178601.53,do not override,,,,,,
2005 Crown Range Passing Lanes,2005 Crown Range Passing Lanes,Construction,81,1/04/2027,,,6326.6667,7048385.869,Fee Items,6625268.12,178601.53,do not override,,,,,,
2003 Wanaka TC - CBD connectivity upgrades,2003 Wanaka TC - CBD connectivity upgrades,Construction,104,1/04/2027,,,478.8214,7048864.691,Non-Fee Items,6625746.942,178601.53,do not override,,,,,,
2011 Golf Course RBT,2011 Golf Course RBT,Construction,92,1/04/2027,,,331126.7606,7379991.451,Non-Fee Items,6956873.702,178601.53,do not override,,,,,,
2003 Wanaka TC - CBD connectivity upgrades,2003 Wanaka TC - CBD connectivity upgrades,Construction,103,1/04/2027,,,12727.2727,7392718.724,Non-Fee Items,6969600.975,178601.53,do not override,,,,,,
2006 RISU Signs - Rural Intersection Safety Upgrade,2006 RISU Signs - Rural Intersection Safety Upgrade,Construction,31,1/05/2027,,,568.8073,7393287.531,Non-Fee Items,6970169.782,178601.53,do not override,,,,,,
00_Programme Management,Actual,LS,23,1/05/2027,,,14249.4087,7407536.94,Fee Items,6984419.191,178601.53,do not override,,,,,,
2003 Wanaka TC - CBD connectivity upgrades,2003 Wanaka TC - CBD connectivity upgrades,Construction,104,1/05/2027,,,570.9024,7408107.843,Non-Fee Items,6984990.093,178601.53,do not override,,,,,,
2004 Arthurs Point - traffic calming,2004 Arthurs Point - traffic calming,Construction,63,1/05/2027,,,561.5942,7408669.437,Non-Fee Items,6985551.687,178601.53,do not override,,,,,,
2005 Crown Range Passing Lanes,2005 Crown Range Passing Lanes,Construction,83,1/05/2027,,,568.8073,7409238.244,Non-Fee Items,6986120.495,178601.53,do not override,,,,,,
2009 Brunswick Int - Upgrade,2009 Brunswick Int - Upgrade,Construction,45,1/05/2027,,,565.6934,7409803.937,Non-Fee Items,6986686.188,178601.53,do not override,,,,,,
2011 Golf Course RBT,2011 Golf Course RBT,Construction,91,1/05/2027,,,18192.4883,7427996.426,Fee Items,7004878.676,178601.53,do not override,,,,,,
2002 Glenorchy TC - Township improvements,2002 Glenorchy TC - Township improvements,Construction,75,1/05/2027,,,567.7656,7428564.191,Non-Fee Items,7005446.442,178601.53,do not override,,,,,,
2011 Golf Course RBT,2011 Golf Course RBT,Construction,92,1/05/2027,,,342164.3192,7770728.511,Non-Fee Items,7347610.761,178601.53,do not override,,,,,,
2005 Crown Range Passing Lanes,2005 Crown Range Passing Lanes,Construction,83,1/06/2027,,,550.4587,7771278.969,Non-Fee Items,7348161.22,178601.53,do not override,,,,,,
2006 RISU Signs - Rural Intersection Safety Upgrade,2006 RISU Signs - Rural Intersection Safety Upgrade,Construction,31,1/06/2027,,,550.4587,7771829.428,Non-Fee Items,7348711.679,178601.53,do not override,,,,,,
2011 Golf Course RBT,2011 Golf Course RBT,Construction,93,1/06/2027,,,495.4128,7772324.841,Non-Fee Items,7349207.091,178601.53,do not override,,,,,,
2011 Golf Course RBT,2011 Golf Course RBT,Construction,92,1/06/2027,,,33112.6761,7805437.517,Non-Fee Items,7382319.768,178601.53,do not override,,,,,,
2004 Arthurs Point - traffic calming,2004 Arthurs Point - traffic calming,Construction,63,1/06/2027,,,543.4783,7805980.995,Non-Fee Items,7382863.246,178601.53,do not override,,,,,,
2002 Glenorchy TC - Township improvements,2002 Glenorchy TC - Township improvements,Construction,75,1/06/2027,,,549.4505,7806530.446,Non-Fee Items,7383412.696,178601.53,do not override,,,,,,
2011 Golf Course RBT,2011 Golf Course RBT,Construction,91,1/06/2027,,,1760.5634,7808291.009,Fee Items,7385173.26,178601.53,do not override,,,,,,
2003 Wanaka TC - CBD connectivity upgrades,2003 Wanaka TC - CBD connectivity upgrades,Construction,104,1/06/2027,,,552.4862,7808843.495,Non-Fee Items,7385725.746,178601.53,do not override,,,,,,
2009 Brunswick Int - Upgrade,2009 Brunswick Int - Upgrade,Construction,45,1/06/2027,,,547.4453,7809390.941,Non-Fee Items,7386273.191,178601.53,do not override,,,,,,
00_Programme Management,Actual,LS,23,1/06/2027,,,13330.092,7822721.033,Fee Items,7399603.283,178601.53,do not override,,,,,,
2011 Golf Course RBT,2011 Golf Course RBT,Construction,93,1/07/2027,,,568.8073,7823289.84,Non-Fee Items,7400172.091,178601.53,do not override,,,,,,
2004 Arthurs Point - traffic calming,2004 Arthurs Point - traffic calming,Construction,63,1/07/2027,,,561.5942,7823851.434,Non-Fee Items,7400733.685,178601.53,do not override,,,,,,
2003 Wanaka TC - CBD connectivity upgrades,2003 Wanaka TC - CBD connectivity upgrades,Construction,104,1/07/2027,,,570.9024,7824422.336,Non-Fee Items,7401304.587,178601.53,do not override,,,,,,
2002 Glenorchy TC - Township improvements,2002 Glenorchy TC - Township improvements,Construction,75,1/07/2027,,,567.7656,7824990.102,Non-Fee Items,7401872.353,178601.53,do not override,,,,,,
2009 Brunswick Int - Upgrade,2009 Brunswick Int - Upgrade,Construction,45,1/07/2027,,,565.6934,7825555.795,Non-Fee Items,7402438.046,178601.53,do not override,,,,,,
2006 RISU Signs - Rural Intersection Safety Upgrade,2006 RISU Signs - Rural Intersection Safety Upgrade,Construction,31,1/07/2027,,,568.8073,7826124.603,Non-Fee Items,7403006.853,178601.53,do not override,,,,,,
2005 Crown Range Passing Lanes,2005 Crown Range Passing Lanes,Construction,83,1/07/2027,,,568.8073,7826693.41,Non-Fee Items,7403575.661,178601.53,do not override,,,,,,
2011 Golf Course RBT,2011 Golf Course RBT,Construction,93,1/08/2027,,,568.8073,7827262.217,Non-Fee Items,7404144.468,178601.53,do not override,,,,,,
2006 RISU Signs - Rural Intersection Safety Upgrade,2006 RISU Signs - Rural Intersection Safety Upgrade,Construction,31,1/08/2027,,,568.8073,7827831.025,Non-Fee Items,7404713.275,178601.53,do not override,,,,,,
2005 Crown Range Passing Lanes,2005 Crown Range Passing Lanes,Construction,83,1/08/2027,,,568.8073,7828399.832,Non-Fee Items,7405282.083,178601.53,do not override,,,,,,
2003 Wanaka TC - CBD connectivity upgrades,2003 Wanaka TC - CBD connectivity upgrades,Construction,104,1/08/2027,,,570.9024,7828970.734,Non-Fee Items,7405852.985,178601.53,do not override,,,,,,
2002 Glenorchy TC - Township improvements,2002 Glenorchy TC - Township improvements,Construction,75,1/08/2027,,,567.7656,7829538.5,Non-Fee Items,7406420.751,178601.53,do not override,,,,,,
2004 Arthurs Point - traffic calming,2004 Arthurs Point - traffic calming,Construction,63,1/08/2027,,,561.5942,7830100.094,Non-Fee Items,7406982.345,178601.53,do not override,,,,,,
2009 Brunswick Int - Upgrade,2009 Brunswick Int - Upgrade,Construction,45,1/08/2027,,,565.6934,7830665.788,Non-Fee Items,7407548.038,178601.53,do not override,,,,,,
2005 Crown Range Passing Lanes,2005 Crown Range Passing Lanes,Construction,83,1/09/2027,,,550.4587,7831216.246,Non-Fee Items,7408098.497,178601.53,do not override,,,,,,
2002 Glenorchy TC - Township improvements,2002 Glenorchy TC - Township improvements,Construction,75,1/09/2027,,,549.4505,7831765.697,Non-Fee Items,7408647.947,178601.53,do not override,,,,,,
2006 RISU Signs - Rural Intersection Safety Upgrade,2006 RISU Signs - Rural Intersection Safety Upgrade,Construction,31,1/09/2027,,,550.4587,7832316.155,Non-Fee Items,7409198.406,178601.53,do not override,,,,,,
2009 Brunswick Int - Upgrade,2009 Brunswick Int - Upgrade,Construction,45,1/09/2027,,,547.4453,7832863.601,Non-Fee Items,7409745.851,178601.53,do not override,,,,,,
2004 Arthurs Point - traffic calming,2004 Arthurs Point - traffic calming,Construction,63,1/09/2027,,,543.4783,7833407.079,Non-Fee Items,7410289.33,178601.53,do not override,,,,,,
2011 Golf Course RBT,2011 Golf Course RBT,Construction,93,1/09/2027,,,550.4587,7833957.538,Non-Fee Items,7410839.788,178601.53,do not override,,,,,,
2003 Wanaka TC - CBD connectivity upgrades,2003 Wanaka TC - CBD connectivity upgrades,Construction,104,1/09/2027,,,552.4862,7834510.024,Non-Fee Items,7411392.275,178601.53,do not override,,,,,,
2003 Wanaka TC - CBD connectivity upgrades,2003 Wanaka TC - CBD connectivity upgrades,Construction,104,1/10/2027,,,570.9024,7835080.926,Non-Fee Items,7411963.177,178601.53,do not override,,,,,,
2002 Glenorchy TC - Township improvements,2002 Glenorchy TC - Township improvements,Construction,75,1/10/2027,,,567.7656,7835648.692,Non-Fee Items,7412530.943,178601.53,do not override,,,,,,
2009 Brunswick Int - Upgrade,2009 Brunswick Int - Upgrade,Construction,45,1/10/2027,,,565.6934,7836214.385,Non-Fee Items,7413096.636,178601.53,do not override,,,,,,
2011 Golf Course RBT,2011 Golf Course RBT,Construction,93,1/10/2027,,,568.8073,7836783.193,Non-Fee Items,7413665.443,178601.53,do not override,,,,,,
2004 Arthurs Point - traffic calming,2004 Arthurs Point - traffic calming,Construction,63,1/10/2027,,,561.5942,7837344.787,Non-Fee Items,7414227.038,178601.53,do not override,,,,,,
2006 RISU Signs - Rural Intersection Safety Upgrade,2006 RISU Signs - Rural Intersection Safety Upgrade,Construction,31,1/10/2027,,,110.0917,7837454.879,Non-Fee Items,7414337.129,178601.53,do not override,,,,,,
2005 Crown Range Passing Lanes,2005 Crown Range Passing Lanes,Construction,83,1/10/2027,,,568.8073,7838023.686,Non-Fee Items,7414905.937,178601.53,do not override,,,,,,
2003 Wanaka TC - CBD connectivity upgrades,2003 Wanaka TC - CBD connectivity upgrades,Construction,104,1/11/2027,,,552.4862,7838576.172,Non-Fee Items,7415458.423,178601.53,do not override,,,,,,
2002 Glenorchy TC - Township improvements,2002 Glenorchy TC - Township improvements,Construction,75,1/11/2027,,,549.4505,7839125.623,Non-Fee Items,7416007.873,178601.53,do not override,,,,,,
2004 Arthurs Point - traffic calming,2004 Arthurs Point - traffic calming,Construction,63,1/11/2027,,,543.4783,7839669.101,Non-Fee Items,7416551.352,178601.53,do not override,,,,,,
2005 Crown Range Passing Lanes,2005 Crown Range Passing Lanes,Construction,83,1/11/2027,,,550.4587,7840219.56,Non-Fee Items,7417101.81,178601.53,do not override,,,,,,
2011 Golf Course RBT,2011 Golf Course RBT,Construction,93,1/11/2027,,,550.4587,7840770.018,Non-Fee Items,7417652.269,178601.53,do not override,,,,,,
2009 Brunswick Int - Upgrade,2009 Brunswick Int - Upgrade,Construction,45,1/11/2027,,,547.4453,7841317.464,Non-Fee Items,7418199.714,178601.53,do not override,,,,,,
2005 Crown Range Passing Lanes,2005 Crown Range Passing Lanes,Construction,83,1/12/2027,,,568.8073,7841886.271,Non-Fee Items,7418768.522,178601.53,do not override,,,,,,
2002 Glenorchy TC - Township improvements,2002 Glenorchy TC - Township improvements,Construction,75,1/12/2027,,,567.7656,7842454.036,Non-Fee Items,7419336.287,178601.53,do not override,,,,,,
2003 Wanaka TC - CBD connectivity upgrades,2003 Wanaka TC - CBD connectivity upgrades,Construction,104,1/12/2027,,,570.9024,7843024.939,Non-Fee Items,7419907.19,178601.53,do not override,,,,,,
2004 Arthurs Point - traffic calming,2004 Arthurs Point - traffic calming,Construction,63,1/12/2027,,,561.5942,7843586.533,Non-Fee Items,7420468.784,178601.53,do not override,,,,,,
2009 Brunswick Int - Upgrade,2009 Brunswick Int - Upgrade,Construction,45,1/12/2027,,,565.6934,7844152.226,Non-Fee Items,7421034.477,178601.53,do not override,,,,,,
2011 Golf Course RBT,2011 Golf Course RBT,Construction,93,1/12/2027,,,568.8073,7844721.034,Non-Fee Items,7421603.284,178601.53,do not override,,,,,,
2005 Crown Range Passing Lanes,2005 Crown Range Passing Lanes,Construction,83,1/01/2028,,,568.8073,7845289.841,Non-Fee Items,7422172.092,178601.53,do not override,,,,,,
2009 Brunswick Int - Upgrade,2009 Brunswick Int - Upgrade,Construction,45,1/01/2028,,,565.6934,7845855.534,Non-Fee Items,7422737.785,178601.53,do not override,,,,,,
2002 Glenorchy TC - Township improvements,2002 Glenorchy TC - Township improvements,Construction,75,1/01/2028,,,567.7656,7846423.3,Non-Fee Items,7423305.551,178601.53,do not override,,,,,,
2011 Golf Course RBT,2011 Golf Course RBT,Construction,93,1/01/2028,,,568.8073,7846992.107,Non-Fee Items,7423874.358,178601.53,do not override,,,,,,
2003 Wanaka TC - CBD connectivity upgrades,2003 Wanaka TC - CBD connectivity upgrades,Construction,104,1/01/2028,,,570.9024,7847563.01,Non-Fee Items,7424445.26,178601.53,do not override,,,,,,
2004 Arthurs Point - traffic calming,2004 Arthurs Point - traffic calming,Construction,63,1/01/2028,,,561.5942,7848124.604,Non-Fee Items,7425006.855,178601.53,do not override,,,,,,
2011 Golf Course RBT,2011 Golf Course RBT,Construction,93,1/02/2028,,,532.1101,7848656.714,Non-Fee Items,7425538.965,178601.53,do not override,,,,,,
2005 Crown Range Passing Lanes,2005 Crown Range Passing Lanes,Construction,83,1/02/2028,,,532.1101,7849188.824,Non-Fee Items,7426071.075,178601.53,do not override,,,,,,
2004 Arthurs Point - traffic calming,2004 Arthurs Point - traffic calming,Construction,63,1/02/2028,,,525.3623,7849714.186,Non-Fee Items,7426596.437,178601.53,do not override,,,,,,
2002 Glenorchy TC - Township improvements,2002 Glenorchy TC - Township improvements,Construction,75,1/02/2028,,,54.9451,7849769.132,Non-Fee Items,7426651.382,178601.53,do not override,,,,,,
2009 Brunswick Int - Upgrade,2009 Brunswick Int - Upgrade,Construction,45,1/02/2028,,,529.1971,7850298.329,Non-Fee Items,7427180.579,178601.53,do not override,,,,,,
2003 Wanaka TC - CBD connectivity upgrades,2003 Wanaka TC - CBD connectivity upgrades,Construction,104,1/02/2028,,,534.07,7850832.399,Non-Fee Items,7427714.649,178601.53,do not override,,,,,,
2009 Brunswick Int - Upgrade,2009 Brunswick Int - Upgrade,Construction,45,1/03/2028,,,510.9489,7851343.348,Non-Fee Items,7428225.598,178601.53,do not override,,,,,,
2011 Golf Course RBT,2011 Golf Course RBT,Construction,93,1/03/2028,,,568.8073,7851912.155,Non-Fee Items,7428794.406,178601.53,do not override,,,,,,
2005 Crown Range Passing Lanes,2005 Crown Range Passing Lanes,Construction,83,1/03/2028,,,568.8073,7852480.962,Non-Fee Items,7429363.213,178601.53,do not override,,,,,,
2004 Arthurs Point - traffic calming,2004 Arthurs Point - traffic calming,Construction,63,1/03/2028,,,561.5942,7853042.556,Non-Fee Items,7429924.807,178601.53,do not override,,,,,,
2003 Wanaka TC - CBD connectivity upgrades,2003 Wanaka TC - CBD connectivity upgrades,Construction,104,1/03/2028,,,570.9024,7853613.459,Non-Fee Items,7430495.709,178601.53,do not override,,,,,,
2004 Arthurs Point - traffic calming,2004 Arthurs Point - traffic calming,Construction,63,1/04/2028,,,543.4783,7854156.937,Non-Fee Items,7431039.188,178601.53,do not override,,,,,,
2003 Wanaka TC - CBD connectivity upgrades,2003 Wanaka TC - CBD connectivity upgrades,Construction,104,1/04/2028,,,552.4862,7854709.423,Non-Fee Items,7431591.674,178601.53,do not override,,,,,,
2011 Golf Course RBT,2011 Golf Course RBT,Construction,93,1/04/2028,,,550.4587,7855259.882,Non-Fee Items,7432142.133,178601.53,do not override,,,,,,
2005 Crown Range Passing Lanes,2005 Crown Range Passing Lanes,Construction,83,1/04/2028,,,550.4587,7855810.341,Non-Fee Items,7432692.591,178601.53,do not override,,,,,,
2011 Golf Course RBT,2011 Golf Course RBT,Construction,93,1/05/2028,,,568.8073,7856379.148,Non-Fee Items,7433261.399,178601.53,do not override,,,,,,
2003 Wanaka TC - CBD connectivity upgrades,2003 Wanaka TC - CBD connectivity upgrades,Construction,104,1/05/2028,,,570.9024,7856950.05,Non-Fee Items,7433832.301,178601.53,do not override,,,,,,
2005 Crown Range Passing Lanes,2005 Crown Range Passing Lanes,Construction,83,1/05/2028,,,568.8073,7857518.858,Non-Fee Items,7434401.108,178601.53,do not override,,,,,,
2004 Arthurs Point - traffic calming,2004 Arthurs Point - traffic calming,Construction,63,1/05/2028,,,543.4783,7858062.336,Non-Fee Items,7434944.587,178601.53,do not override,,,,,,
2005 Crown Range Passing Lanes,2005 Crown Range Passing Lanes,Construction,83,1/06/2028,,,550.4587,7858612.795,Non-Fee Items,7435495.045,178601.53,do not override,,,,,,
2003 Wanaka TC - CBD connectivity upgrades,2003 Wanaka TC - CBD connectivity upgrades,Construction,104,1/06/2028,,,552.4862,7859165.281,Non-Fee Items,7436047.532,178601.53,do not override,,,,,,
2011 Golf Course RBT,2011 Golf Course RBT,Construction,93,1/06/2028,,,550.4587,7859715.74,Non-Fee Items,7436597.99,178601.53,do not override,,,,,,
2005 Crown Range Passing Lanes,2005 Crown Range Passing Lanes,Construction,83,1/07/2028,,,568.8073,7860284.547,Non-Fee Items,7437166.798,178601.53,do not override,,,,,,
2003 Wanaka TC - CBD connectivity upgrades,2003 Wanaka TC - CBD connectivity upgrades,Construction,104,1/07/2028,,,570.9024,7860855.449,Non-Fee Items,7437737.7,178601.53,do not override,,,,,,
2011 Golf Course RBT,2011 Golf Course RBT,Construction,93,1/07/2028,,,568.8073,7861424.257,Non-Fee Items,7438306.507,178601.53,do not override,,,,,,
2003 Wanaka TC - CBD connectivity upgrades,2003 Wanaka TC - CBD connectivity upgrades,Construction,104,1/08/2028,,,570.9024,7861995.159,Non-Fee Items,7438877.41,178601.53,do not override,,,,,,
2005 Crown Range Passing Lanes,2005 Crown Range Passing Lanes,Construction,83,1/08/2028,,,568.8073,7862563.966,Non-Fee Items,7439446.217,178601.53,do not override,,,,,,
2011 Golf Course RBT,2011 Golf Course RBT,Construction,93,1/08/2028,,,568.8073,7863132.774,Non-Fee Items,7440015.024,178601.53,do not override,,,,,,
2003 Wanaka TC - CBD connectivity upgrades,2003 Wanaka TC - CBD connectivity upgrades,Construction,104,1/09/2028,,,515.6538,7863648.427,Non-Fee Items,7440530.678,178601.53,do not override,,,,,,
2005 Crown Range Passing Lanes,2005 Crown Range Passing Lanes,Construction,83,1/09/2028,,,550.4587,7864198.886,Non-Fee Items,7441081.137,178601.53,do not override,,,,,,
2011 Golf Course RBT,2011 Golf Course RBT,Construction,93,1/09/2028,,,550.4587,7864749.345,Non-Fee Items,7441631.595,178601.53,do not override,,,,,,
2011 Golf Course RBT,2011 Golf Course RBT,Construction,93,1/10/2028,,,568.8073,7865318.152,Non-Fee Items,7442200.403,178601.53,do not override,,,,,,
2005 Crown Range Passing Lanes,2005 Crown Range Passing Lanes,Construction,83,1/10/2028,,,165.1376,7865483.29,Non-Fee Items,7442365.54,178601.53,do not override,,,,,Non-Fee Items,Fee Items
2011 Golf Course RBT,2011 Golf Course RBT,Construction,93,1/11/2028,,,532.1101,7866015.4,Non-Fee Items,7442897.65,178601.53,do not override,,,,,"$6,286,900.00","$1,579,115.40"
00_Programme Management,Actual,LS,83,1/05/2025,,,0,908.5714,Fee Items,908.5714,,,,,,,,
00_Programme Management,Actual,LS,83,1/06/2025,,,0,14537.1428,Fee Items,14537.1428,,,,,,,,
00_Programme Management,00_Programme Management,LS,4,1/06/2025,13992,13992,0,14537.6928,Fee Items,14537.6928,13992,,,,,,,
2002 Glenorchy TC - Township improvements,2002 Glenorchy TC - Township improvements,Concept / Scoping,124,1/06/2025,,,0,14538.2428,Fee Items,15537.6928,13992,,,,,,,
00_Programme Management,Actual,LS,83,1/07/2025,,,0,28621.0999,Fee Items,29620.5499,13992,,,,,,,
2004 Arthurs Point - traffic calming,2004 Arthurs Point - traffic calming,Concept / Scoping,107,1/07/2025,,,0,30621.0999,Fee Items,32620.5499,13992,,,,,,,
2005 Crown Range Passing Lanes,2005 Crown Range Passing Lanes,Concept / Scoping,136,1/07/2025,,,0,32831.6262,Fee Items,34831.0762,13992,,,,,,,
2006 RISU Signs - Rural Intersection Safety Upgrade,2006 RISU Signs - Rural Intersection Safety Upgrade,Concept / Scoping,84,1/07/2025,,,0,33397.3405,Fee Items,35925.7333,13992,,,,,,,
2003 Wanaka TC - CBD connectivity upgrades,2003 Wanaka TC - CBD connectivity upgrades,Concept / Scoping,30,1/07/2025,3665.61,3665.61,0,33397.8905,Fee Items,35926.2833,17657.61,,,,,,,
2003 Wanaka TC - CBD connectivity upgrades,2003 Wanaka TC - CBD connectivity upgrades,Concept / Scoping,154,1/07/2025,,,0,34397.8905,Fee Items,36592.2833,17657.61,,,,,,,
2003 Wanaka TC - CBD connectivity upgrades,2003 Wanaka TC - CBD connectivity upgrades,Concept / Scoping,155,1/07/2025,,,0,35997.8905,Fee Items,38092.2833,17657.61,,,,,,,
2002 Glenorchy TC - Township improvements,2002 Glenorchy TC - Township improvements,Concept / Scoping,128,1/07/2025,,,0,35998.4405,Fee Items,42252.2833,17657.61,,,,,,,
2002 Glenorchy TC - Township improvements,2002 Glenorchy TC - Township improvements,Concept / Scoping,127,1/07/2025,,,0,35998.9905,Fee Items,43192.2833,17657.61,,,,,,,
2002 Glenorchy TC - Township improvements,2002 Glenorchy TC - Township improvements,Concept / Scoping,125,1/07/2025,,,0,35999.5405,Fee Items,44192.2833,17657.61,,,,,,,
2002 Glenorchy TC - Township improvements,2002 Glenorchy TC - Township improvements,Concept / Scoping,19,1/07/2025,3429.87,3429.87,0,36000.0905,Fee Items,44192.8333,21087.48,,,,,,,
2003 Wanaka TC - CBD connectivity upgrades,2003 Wanaka TC - CBD connectivity upgrades,Concept / Scoping,156,1/07/2025,,,0,37500.0905,Fee Items,45692.8333,21087.48,,,,,,,
2002 Glenorchy TC - Township improvements,2002 Glenorchy TC - Township improvements,Concept / Scoping,126,1/07/2025,,,0,37500.6405,Fee Items,45876.8333,21087.48,,,,,,,
2004 Arthurs Point - traffic calming,2004 Arthurs Point - traffic calming,Concept / Scoping,106,1/07/2025,,,0,39500.6405,Fee Items,48876.8333,21087.48,,,,,,,
2004 Arthurs Point - traffic calming,2004 Arthurs Point - traffic calming,Concept / Scoping,108,1/07/2025,,,0,40967.3072,Fee Items,50853.9,21087.48,,,,,,,
2004 Arthurs Point - traffic calming,2004 Arthurs Point - traffic calming,Concept / Scoping,109,1/07/2025,,,0,42967.3072,Fee Items,52853.9,21087.48,,,,,,,
00_Programme Management,00_Programme Management,LS,5,1/07/2025,13992,13992,0,42967.8572,Fee Items,52854.45,35079.48,,,,,,,
2004 Arthurs Point - traffic calming,2004 Arthurs Point - traffic calming,Variation,111,1/07/2025,,,0,45667.8572,Fee Items,55554.45,35079.48,,,,,,,
2004 Arthurs Point - traffic calming,Actual,Concept / Scoping,110,1/07/2025,,,0,47667.8572,Fee Items,57554.45,35079.48,,,,,,,
00_Programme Management,Actual,LS,83,1/08/2025,,,0,61750.7143,Fee Items,71637.3071,35079.48,,,,,,,
2004 Arthurs Point - traffic calming,2004 Arthurs Point - traffic calming,Concept / Scoping,40,1/08/2025,10909.22,10909.22,0,61751.2643,Fee Items,71637.8571,45988.7,,,,,,,
2004 Arthurs Point - traffic calming,2004 Arthurs Point - traffic calming,Concept / Scoping,108,1/08/2025,,,0,62284.5976,Fee Items,72356.7904,45988.7,,,,,,,
2005 Crown Range Passing Lanes,2005 Crown Range Passing Lanes,Concept / Scoping,136,1/08/2025,,,0,66091.6151,Fee Items,76163.8079,45988.7,,,,,,,
2006 RISU Signs - Rural Intersection Safety Upgrade,2006 RISU Signs - Rural Intersection Safety Upgrade,Concept / Scoping,84,1/08/2025,,,0,67725.9008,Fee Items,79326.1508,45988.7,,,,,,,
2006 RISU Signs - Rural Intersection Safety Upgrade,2006 RISU Signs - Rural Intersection Safety Upgrade,Concept / Scoping,85,1/08/2025,,,0,69297.3294,Fee Items,79326.1508,45988.7,,,,,,,
00_Programme Management,00_Programme Management,LS,6,1/08/2025,13992,13992,0,69297.8794,Fee Items,79326.7008,59980.7,,,,,,,
2003 Wanaka TC - CBD connectivity upgrades,2003 Wanaka TC - CBD connectivity upgrades,Concept / Scoping,157,1/08/2025,,,0,70797.8794,Fee Items,79326.7008,59980.7,,,,,,,
2004 Arthurs Point - traffic calming,Actual,Variation,112,1/08/2025,,,0,71055.3051,Fee Items,80098.978,59980.7,,,,,,,
2005 Crown Range Passing Lanes,2005 Crown Range Passing Lanes,Concept / Scoping,44,1/08/2025,9140,9140,0,71055.8551,Fee Items,80099.528,69120.7,,,,,,,
2006 RISU Signs - Rural Intersection Safety Upgrade,2006 RISU Signs - Rural Intersection Safety Upgrade,Concept / Scoping,52,1/08/2025,4256.63,4256.63,0,71056.4051,Fee Items,80100.078,73377.33,,,,,,,
2002 Glenorchy TC - Township improvements,2002 Glenorchy TC - Township improvements,Concept / Scoping,20,1/08/2025,3854.2,3854.2,0,71056.9551,Fee Items,80100.628,77231.53,,,,,,,
2006 RISU Signs - Rural Intersection Safety Upgrade,2006 RISU Signs - Rural Intersection Safety Upgrade,Concept / Scoping,86,1/09/2025,,,0,72816.9551,Fee Items,80100.628,77231.53,,,,,,,
00_Programme Management,00_Programme Management,LS,7,1/09/2025,13992,13992,0,72817.5051,Fee Items,80101.178,91223.53,,,,,,,
2003 Wanaka TC - CBD connectivity upgrades,2003 Wanaka TC - CBD connectivity upgrades,Concept / Scoping,158,1/09/2025,,,0,85817.5051,Fee Items,90183.4002,91223.53,,,,,,,
2005 Crown Range Passing Lanes,2005 Crown Range Passing Lanes,Concept / Scoping,136,1/09/2025,,,0,86799.9612,Fee Items,91165.8563,91223.53,,,,,,,
2005 Crown Range Passing Lanes,2005 Crown Range Passing Lanes,Concept / Scoping,137,1/09/2025,,,0,88099.9612,Fee Items,93305.8563,91223.53,,,,,,,
00_Programme Management,Actual,LS,83,1/09/2025,,,0,101728.5326,Fee Items,106934.4277,91223.53,,,,,,,
2009 Brunswick Int - Upgrade,2009 Brunswick Int - Upgrade,Concept / Scoping,98,1/09/2025,,,0,103028.5326,Fee Items,108054.4277,91223.53,,,,,,,
2004 Arthurs Point - traffic calming,Actual,Variation,112,1/09/2025,,,0,103325.5623,Fee Items,108945.5168,91223.53,,,,,,,
2006 RISU Signs - Rural Intersection Safety Upgrade,2006 RISU Signs - Rural Intersection Safety Upgrade,Concept / Scoping,85,1/09/2025,,,0,103954.1337,Fee Items,108945.5168,91223.53,,,,,,,
2003 Wanaka TC - CBD connectivity upgrades,2003 Wanaka TC - CBD connectivity upgrades,Concept / Scoping,31,1/09/2025,12860,12860,0,103954.6837,Fee Items,108946.0668,104083.53,,,,,,,
2011 Golf Course RBT,2011 Golf Course RBT,Concept / Scoping,70,1/10/2025,3082,3082,0,103955.2337,Fee Items,108946.6168,107165.53,,,,,,,
2006 RISU Signs - Rural Intersection Safety Upgrade,2006 RISU Signs - Rural Intersection Safety Upgrade,Concept / Scoping,86,1/10/2025,,,0,104395.2337,Fee Items,108946.6168,107165.53,,,,,,,
2006 RISU Signs - Rural Intersection Safety Upgrade,2006 RISU Signs - Rural Intersection Safety Upgrade,Detailed Design,87,1/10/2025,,,0,111061.9004,Fee Items,112766.6168,107165.53,,,,,,,
2002 Glenorchy TC - Township improvements,2002 Glenorchy TC - Township improvements,Detailed Design,129,1/10/2025,,,0,116061.9004,Fee Items,112766.6168,107165.53,,,,,,,
2007 RISU Bundle - Rural Intersection Safety Upgrades,2007 RISU Bundle - Rural Intersection Safety Upgrades,Detailed Design,92,1/10/2025,,,0,120061.9004,Fee Items,112766.6168,107165.53,,,,,,,
2007 RISU Bundle - Rural Intersection Safety Upgrades,2007 RISU Bundle - Rural Intersection Safety Upgrades,Detailed Design,93,1/10/2025,,,0,132693.4793,Fee Items,124103.4589,107165.53,,,,,,,
2004 Arthurs Point - traffic calming,Actual,Variation,112,1/10/2025,,,0,133000.41,Fee Items,125024.251,107165.53,,,,,,,
2009 Brunswick Int - Upgrade,2009 Brunswick Int - Upgrade,Concept / Scoping,99,1/10/2025,,,0,145000.41,Fee Items,137024.251,107165.53,,,,,,,
2009 Brunswick Int - Upgrade,2009 Brunswick Int - Upgrade,Concept / Scoping,100,1/10/2025,,,0,146163.2007,Fee Items,138652.158,107165.53,,,,,,,
2009 Brunswick Int - Upgrade,2009 Brunswick Int - Upgrade,Concept / Scoping,62,1/10/2025,11266,11266,0,146163.7507,Fee Items,138652.708,118431.53,,,,,,,
2007 RISU Bundle - Rural Intersection Safety Upgrades,2007 RISU Bundle - Rural Intersection Safety Upgrades,Detailed Design,56,1/10/2025,4488,4488,0,146164.3007,Fee Items,138653.258,122919.53,,,,,,,
00_Programme Management,Actual,LS,83,1/10/2025,,,0,160247.1578,Fee Items,152736.1151,122919.53,,,,,,,
00_Programme Management,00_Programme Management,LS,8,1/10/2025,13992,13992,0,160247.7078,Fee Items,152736.6651,136911.53,,,,,,,
2003 Wanaka TC - CBD connectivity upgrades,2003 Wanaka TC - CBD connectivity upgrades,Concept / Scoping,158,1/10/2025,,,0,165247.7078,Fee Items,156614.4429,136911.53,,,,,,,
2002 Glenorchy TC - Township improvements,2002 Glenorchy TC - Township improvements,Detailed Design,21,1/10/2025,10612,10612,0,165248.2578,Fee Items,156614.9929,147523.53,,,,,,,
2007 RISU Bundle - Rural Intersection Safety Upgrades,2007 RISU Bundle - Rural Intersection Safety Upgrades,Detailed Design,57,1/11/2025,4488,4488,0,165248.8078,Fee Items,156615.5429,152011.53,,,,,,,
2003 Wanaka TC - CBD connectivity upgrades,2003 Wanaka TC - CBD connectivity upgrades,Concept / Scoping,32,1/11/2025,1100,1100,0,165249.3578,Fee Items,156616.0929,153111.53,,,,,,,
2002 Glenorchy TC - Township improvements,2002 Glenorchy TC - Township improvements,Detailed Design,27,1/11/2025,5366,5366,0,165249.9078,Fee Items,156616.6429,158477.53,,,,,,,
2002 Glenorchy TC - Township improvements,2002 Glenorchy TC - Township improvements,Detailed Design,131,1/11/2025,,,0,169055.8779,Fee Items,162002.0907,158477.53,,,,,,,
2002 Glenorchy TC - Township improvements,Actual,Detailed Design,130,1/11/2025,,,0,173055.8779,Fee Items,167368.0907,158477.53,,,,,,,
2002 Glenorchy TC - Township improvements,2002 Glenorchy TC - Township improvements,Detailed Design,22,1/11/2025,6368,6368,0,173056.4279,Fee Items,167368.6407,164845.53,,,,,,,
2004 Arthurs Point - traffic calming,2004 Arthurs Point - traffic calming,Variation,116,1/11/2025,,,0,173270.7136,Fee Items,168011.4978,164845.53,,,,,,,
2007 RISU Bundle - Rural Intersection Safety Upgrades,2007 RISU Bundle - Rural Intersection Safety Upgrades,Detailed Design,93,1/11/2025,,,0,180639.1347,Fee Items,174624.6557,164845.53,,,,,,,
2004 Arthurs Point - traffic calming,2004 Arthurs Point - traffic calming,Variation,115,1/11/2025,,,0,181639.1347,Fee Items,177624.6557,164845.53,,,,,,,
2004 Arthurs Point - traffic calming,2004 Arthurs Point - traffic calming,Variation,114,1/11/2025,,,0,182639.1347,Fee Items,179507.6557,164845.53,,,,,,,
2004 Arthurs Point - traffic calming,2004 Arthurs Point - traffic calming,Variation,113,1/11/2025,,,0,183639.1347,Fee Items,180507.6557,164845.53,,,,,,,
2004 Arthurs Point - traffic calming,Actual,Variation,112,1/11/2025,,,0,183777.7486,Fee Items,180923.4973,164845.53,,,,,,,
2009 Brunswick Int - Upgrade,2009 Brunswick Int - Upgrade,Concept / Scoping,100,1/11/2025,,,0,190754.4928,Fee Items,190690.9392,164845.53,,,,,,,
00_Programme Management,00_Programme Management,LS,9,1/11/2025,13992,13992,0,190755.0428,Fee Items,190691.4892,178837.53,,,,,,,
2005 Crown Range Passing Lanes,2005 Crown Range Passing Lanes,Concept / Scoping,138,1/11/2025,,,0,190755.0428,Fee Items,195773.4892,178837.53,,,,,,,
00_Programme Management,Actual,LS,83,1/11/2025,,,0,204383.6142,Fee Items,209402.0606,178837.53,,,,,,,
2006 RISU Signs - Rural Intersection Safety Upgrade,2006 RISU Signs - Rural Intersection Safety Upgrade,Detailed Design,87,1/11/2025,,,0,217716.9475,Fee Items,217042.0606,178837.53,,,,,,,
2011 Golf Course RBT,2011 Golf Course RBT,Concept / Scoping,71,1/11/2025,1130,1130,0,217717.4975,Fee Items,217042.6106,179967.53,,,,,,,
2009 Brunswick Int - Upgrade,2009 Brunswick Int - Upgrade,Concept / Scoping,63,1/11/2025,2510,2510,0,217718.0475,Fee Items,217043.1606,182477.53,,,,,,,
2006 RISU Signs - Rural Intersection Safety Upgrade,2006 RISU Signs - Rural Intersection Safety Upgrade,Detailed Design,53,1/11/2025,1490,1490,0,217718.5975,Fee Items,217043.7106,183967.53,,,,,,,
2002 Glenorchy TC - Township improvements,2002 Glenorchy TC - Township improvements,Detailed Design,131,1/12/2025,,,0,224658.896,Fee Items,226864.233,183967.53,,,,,,,
2005 Crown Range Passing Lanes,2005 Crown Range Passing Lanes,Concept / Scoping,138,1/12/2025,,,0,224658.896,Fee Items,230494.233,183967.53,,,,,,,
00_Programme Management,00_Programme Management,LS,10,1/12/2025,13992,13992,0,224659.446,Fee Items,230494.783,197959.53,,,,,,,
2009 Brunswick Int - Upgrade,2009 Brunswick Int - Upgrade,Concept / Scoping,100,1/12/2025,,,0,226519.9111,Fee Items,233099.4342,197959.53,,,,,,,
2004 Arthurs Point - traffic calming,2004 Arthurs Point - traffic calming,Variation,116,1/12/2025,,,0,227305.6254,Fee Items,235456.5771,197959.53,,,,,,,
2004 Arthurs Point - traffic calming,2004 Arthurs Point - traffic calming,Concept / Scoping,117,1/12/2025,,,0,227396.5345,Fee Items,235456.5771,197959.53,,,,,,,
2005 Crown Range Passing Lanes,2005 Crown Range Passing Lanes,Concept / Scoping,139,1/12/2025,,,0,227396.5345,Fee Items,239504.2694,197959.53,,,,,,,
2008 Fernhill Int - concept feasibility traffic assessment,2008 Fernhill Int - concept feasibility traffic assessment,Concept / Scoping,170,1/12/2025,,,0,227396.5345,Fee Items,263944.2694,197959.53,,,,,,,
00_Programme Management,Actual,LS,83,1/12/2025,,,0,241479.3916,Fee Items,278027.1265,197959.53,,,,,,,
2008 Fernhill Int - concept feasibility traffic assessment,2008 Fernhill Int - concept feasibility traffic assessment,Concept / Scoping,171,1/01/2026,,,0,241479.3916,Fee Items,279495.0164,197959.53,,,,,,,
2002 Glenorchy TC - Township improvements,2002 Glenorchy TC - Township improvements,Detailed Design,131,1/01/2026,,,0,248419.6901,Fee Items,289315.5388,197959.53,,,,,,,
2004 Arthurs Point - traffic calming,2004 Arthurs Point - traffic calming,Concept / Scoping,117,1/01/2026,,,0,249828.781,Fee Items,289315.5388,197959.53,,,,,,,
2006 RISU Signs - Rural Intersection Safety Upgrade,2006 RISU Signs - Rural Intersection Safety Upgrade,Detailed Design,54,1/01/2026,5960,5960,0,249829.331,Fee Items,289316.0888,203919.53,,,,,,,
00_Programme Management,00_Programme Management,LS,11,1/01/2026,13992,13992,0,249829.881,Fee Items,289316.6388,217911.53,,,,,,,
2008 Fernhill Int - concept feasibility traffic assessment,2008 Fernhill Int - concept feasibility traffic assessment,Detailed Design,59,1/01/2026,9944,9944,0,249830.431,Fee Items,289317.1888,227855.53,,,,,,,
2007 RISU Bundle - Rural Intersection Safety Upgrades,2007 RISU Bundle - Rural Intersection Safety Upgrades,Detailed Design,58,1/01/2026,8975,8975,0,249830.981,Fee Items,289317.7388,236830.53,,,,,,,
2002 Glenorchy TC - Township improvements,2002 Glenorchy TC - Township improvements,Detailed Design,23,1/01/2026,4245,4245,0,249831.531,Fee Items,289318.2888,241075.53,,,,,,,
2005 Crown Range Passing Lanes,2005 Crown Range Passing Lanes,Concept / Scoping,139,1/01/2026,,,0,249831.531,Fee Items,294040.5965,241075.53,,,,,,,
2004 Arthurs Point - traffic calming,2004 Arthurs Point - traffic calming,Construction,0,1/01/2026,39769,39769,0,249832.081,Non-Fee Items,294041.1465,280844.53,,,,,,,
2005 Crown Range Passing Lanes,2005 Crown Range Passing Lanes,Detailed Design,46,1/01/2026,8770,8770,0,249832.631,Fee Items,294041.6965,289614.53,,,,,,,
00_Programme Management,Actual,LS,83,1/01/2026,,,0,263915.4881,Fee Items,308124.5536,289614.53,,,,,,,
2011 Golf Course RBT,2011 Golf Course RBT,Concept / Scoping,145,1/01/2026,,,0,263915.4881,Fee Items,310124.5536,289614.53,,,,,,,
2011 Golf Course RBT,2011 Golf Course RBT,Concept / Scoping,146,1/01/2026,,,0,263915.4881,Fee Items,322115.5536,289614.53,,,,,,,
2011 Golf Course RBT,2011 Golf Course RBT,Concept / Scoping,147,1/01/2026,,,0,263915.4881,Fee Items,324115.5536,289614.53,,,,,,,
2002 Glenorchy TC - Township improvements,2002 Glenorchy TC - Township improvements,Detailed Design,24,1/02/2026,8490,8490,0,263916.0381,Fee Items,324116.1036,298104.53,,,,,,,
2006 RISU Signs - Rural Intersection Safety Upgrade,2006 RISU Signs - Rural Intersection Safety Upgrade,Construction,88,1/02/2026,,,0,264258.8952,Non-Fee Items,324116.1036,298104.53,,,,,,,
2008 Fernhill Int - concept feasibility traffic assessment,2008 Fernhill Int - concept feasibility traffic assessment,Detailed Design,60,1/02/2026,31264,31264,0,264259.4452,Fee Items,324116.6536,329368.53,,,,,,,
00_Programme Management,00_Programme Management,LS,12,1/02/2026,13992,13992,0,264259.9952,Fee Items,324117.2036,343360.53,,,,,,,
00_Programme Management,Actual,LS,83,1/02/2026,,,0,276979.9952,Fee Items,336837.2036,343360.53,,,,,,,
2004 Arthurs Point - traffic calming,2004 Arthurs Point - traffic calming,Concept / Scoping,117,1/02/2026,,,0,278252.7225,Fee Items,336837.2036,343360.53,,,,,,,
2008 Fernhill Int - concept feasibility traffic assessment,2008 Fernhill Int - concept feasibility traffic assessment,Concept / Scoping,171,1/02/2026,,,0,278252.7225,Fee Items,338892.2495,343360.53,,,,,,,
2007 RISU Bundle - Rural Intersection Safety Upgrades,2007 RISU Bundle - Rural Intersection Safety Upgrades,Construction,94,1/02/2026,,,0,278639.8193,Non-Fee Items,338940.6366,343360.53,,,,,,,
2009 Brunswick Int - Upgrade,2009 Brunswick Int - Upgrade,Concept / Scoping,64,1/02/2026,11636,11636,0,278640.3693,Fee Items,338941.1866,354996.53,,,,,,,
2005 Crown Range Passing Lanes,2005 Crown Range Passing Lanes,Detailed Design,45,1/02/2026,8712,8712,0,278640.9193,Fee Items,338941.7366,363708.53,,,,,,,
2002 Glenorchy TC - Township improvements,2002 Glenorchy TC - Township improvements,Detailed Design,131,1/02/2026,,,0,284909.576,Fee Items,347811.8859,363708.53,,,,,,,
00_Programme Management,00_Programme Management,LS,13,1/03/2026,13992,13992,0,284910.126,Fee Items,347812.4359,377700.53,,,,,,,
2004 Arthurs Point - traffic calming,2004 Arthurs Point - traffic calming,Concept / Scoping,41,1/03/2026,1740,1740,0,284910.676,Fee Items,347812.9859,379440.53,,,,,,,
2004 Arthurs Point - traffic calming,2004 Arthurs Point - traffic calming,Concept / Scoping,117,1/03/2026,,,0,286137.9487,Fee Items,347812.9859,379440.53,,,,,,,
2009 Brunswick Int - Upgrade,2009 Brunswick Int - Upgrade,Concept / Scoping,65,1/03/2026,1708,1708,0,286138.4987,Fee Items,347813.5359,381148.53,,,,,,,
2007 RISU Bundle - Rural Intersection Safety Upgrades,2007 RISU Bundle - Rural Intersection Safety Upgrades,Construction,94,1/03/2026,,,0,292138.4987,Non-Fee Items,348563.5359,381148.53,,,,,,,
2011 Golf Course RBT,2011 Golf Course RBT,Detailed Design,148,1/03/2026,,,0,305381.7419,Fee Items,363607.4818,381148.53,,,,,,,
2008 Fernhill Int - concept feasibility traffic assessment,2008 Fernhill Int - concept feasibility traffic assessment,Detailed Design,61,1/03/2026,18456,18456,0,305382.2919,Fee Items,363608.0318,399604.53,,,,,,,
2009 Brunswick Int - Upgrade,2009 Brunswick Int - Upgrade,Detailed Design,101,1/03/2026,,,0,310541.1704,Fee Items,372310.415,399604.53,,,,,,,
2002 Glenorchy TC - Township improvements,2002 Glenorchy TC - Township improvements,Detailed Design,25,1/03/2026,8490,8490,0,310541.7204,Fee Items,372310.965,408094.53,,,,,,,
2003 Wanaka TC - CBD connectivity upgrades,2003 Wanaka TC - CBD connectivity upgrades,Detailed Design,159,1/03/2026,,,0,338275.0537,Fee Items,391724.2983,408094.53,,,,,,,
2009 Brunswick Int - Upgrade,2009 Brunswick Int - Upgrade,Detailed Design,66,1/03/2026,27313,27313,0,338275.6037,Fee Items,391724.8483,435407.53,,,,,,,
2005 Crown Range Passing Lanes,2005 Crown Range Passing Lanes,Detailed Design,47,1/03/2026,14920,14920,0,338276.1537,Fee Items,391725.3983,450327.53,,,,,,,
2003 Wanaka TC - CBD connectivity upgrades,2003 Wanaka TC - CBD connectivity upgrades,Detailed Design,33,1/03/2026,49489,49489,0,338276.7037,Fee Items,391725.9483,499816.53,,,,,,,
2005 Crown Range Passing Lanes,2005 Crown Range Passing Lanes,Detailed Design,140,1/03/2026,,,0,353928.8776,Fee Items,403778.1222,499816.53,,,,,,,
2003 Wanaka TC - CBD connectivity upgrades,2003 Wanaka TC - CBD connectivity upgrades,Detailed Design,37,1/03/2026,8064,8064,0,353929.4276,Fee Items,403778.6722,507880.53,,,,,,,
00_Programme Management,Actual,LS,83,1/03/2026,,,0,368012.2847,Fee Items,417861.5293,507880.53,,,,,,,
2008 Fernhill Int - concept feasibility traffic assessment,2008 Fernhill Int - concept feasibility traffic assessment,Concept / Scoping,171,1/03/2026,,,0,368012.2847,Fee Items,420136.7587,507880.53,,,,,,,
2006 RISU Signs - Rural Intersection Safety Upgrade,2006 RISU Signs - Rural Intersection Safety Upgrade,Detailed Design,55,1/03/2026,4058,4058,0,368012.8347,Fee Items,420137.3087,511938.53,,,,,,,
2004 Arthurs Point - traffic calming,2004 Arthurs Point - traffic calming,Concept / Scoping,118,1/03/2026,,,0,368099.7912,Fee Items,420137.3087,511938.53,,,,,,,
2002 Glenorchy TC - Township improvements,2002 Glenorchy TC - Township improvements,Detailed Design,131,1/03/2026,,,0,374144.5673,Fee Items,428690.6669,511938.53,,,,,,,
2006 RISU Signs - Rural Intersection Safety Upgrade,2006 RISU Signs - Rural Intersection Safety Upgrade,Construction,88,1/03/2026,,,0,375001.7102,Non-Fee Items,428690.6669,511938.53,,,,,,,
2006 RISU Signs - Rural Intersection Safety Upgrade,2006 RISU Signs - Rural Intersection Safety Upgrade,Construction,89,1/04/2026,,,0,375466.8265,Fee Items,428690.6669,511938.53,,,,,,,
2005 Crown Range Passing Lanes,2005 Crown Range Passing Lanes,Detailed Design,140,1/04/2026,,,0,391119.0004,Fee Items,440742.8408,511938.53,,,,,,,
2007 RISU Bundle - Rural Intersection Safety Upgrades,2007 RISU Bundle - Rural Intersection Safety Upgrades,Construction,1,1/04/2026,101463,101463,0,391119.5504,Non-Fee Items,440743.3908,613401.53,,,,,,,
2007 RISU Bundle - Rural Intersection Safety Upgrades,2007 RISU Bundle - Rural Intersection Safety Upgrades,Construction,95,1/04/2026,,,0,391753.3532,Fee Items,440878.6021,613401.53,,,,,,,
2007 RISU Bundle - Rural Intersection Safety Upgrades,2007 RISU Bundle - Rural Intersection Safety Upgrades,Construction,94,1/04/2026,,,0,397366.2564,Non-Fee Items,441580.215,613401.53,,,,,,,
2011 Golf Course RBT,2011 Golf Course RBT,Detailed Design,74,1/04/2026,11991,11991,0,397366.8064,Fee Items,441580.765,625392.53,,,,,,,
00_Programme Management,Actual,LS,83,1/04/2026,,,0,410995.3778,Fee Items,455209.3364,625392.53,,,,,,,
2009 Brunswick Int - Upgrade,2009 Brunswick Int - Upgrade,Detailed Design,101,1/04/2026,,,0,417724.3498,Fee Items,466560.271,625392.53,,,,,,,
2007 RISU Bundle - Rural Intersection Safety Upgrades,Actual,Construction,96,1/04/2026,,,0,448524.3498,Non-Fee Items,496704.9643,625392.53,,,,,,,
00_Programme Management,00_Programme Management,LS,14,1/04/2026,13992,13992,0,448524.8998,Fee Items,496705.5143,639384.53,,,,,,,
2003 Wanaka TC - CBD connectivity upgrades,2003 Wanaka TC - CBD connectivity upgrades,Detailed Design,34,1/04/2026,13497,13497,0,448525.4498,Fee Items,496706.0643,652881.53,,,,,,,
2003 Wanaka TC - CBD connectivity upgrades,2003 Wanaka TC - CBD connectivity upgrades,Detailed Design,159,1/04/2026,,,0,500525.4498,Fee Items,533106.0643,652881.53,,,,,,,
2011 Golf Course RBT,2011 Golf Course RBT,Detailed Design,148,1/04/2026,,,0,514714.639,Fee Items,549224.5778,652881.53,,,,,,,
2008 Fernhill Int - concept feasibility traffic assessment,2008 Fernhill Int - concept feasibility traffic assessment,Concept / Scoping,171,1/04/2026,,,0,514714.639,Fee Items,551426.4127,652881.53,,,,,,,
2004 Arthurs Point - traffic calming,2004 Arthurs Point - traffic calming,Concept / Scoping,118,1/04/2026,,,0,515627.6825,Fee Items,551426.4127,652881.53,,,,,,,
2011 Golf Course RBT,2011 Golf Course RBT,Concept / Scoping,72,1/04/2026,4509,4509,0,515628.2325,Fee Items,551426.9627,657390.53,,,,,,,
2007 RISU Bundle - Rural Intersection Safety Upgrades,Actual,Construction,97,1/05/2026,,,0,520035.0122,Non-Fee Items,680538.5559,657390.53,,,,,,,
2009 Brunswick Int - Upgrade,2009 Brunswick Int - Upgrade,Detailed Design,101,1/05/2026,,,0,526988.2832,Fee Items,692267.855,657390.53,,,,,,,
2011 Golf Course RBT,2011 Golf Course RBT,Detailed Design,148,1/05/2026,,,0,541650.4454,Fee Items,708923.6523,657390.53,,,,,,,
2007 RISU Bundle - Rural Intersection Safety Upgrades,2007 RISU Bundle - Rural Intersection Safety Upgrades,Construction,2,1/05/2026,166776,166776,0,541650.9954,Non-Fee Items,708924.2023,824166.53,,,,,,,
00_Programme Management,00_Programme Management,LS,15,1/05/2026,13992,13992,0,541651.5454,Fee Items,708924.7523,838158.53,,,,,,,
2005 Crown Range Passing Lanes,2005 Crown Range Passing Lanes,Detailed Design,140,1/05/2026,,,0,557825.4584,Fee Items,721378.6653,838158.53,,,,,,,
2007 RISU Bundle - Rural Intersection Safety Upgrades,2007 RISU Bundle - Rural Intersection Safety Upgrades,Construction,95,1/05/2026,,,0,577473.3457,Fee Items,725570.2146,838158.53,,,,,,,
00_Programme Management,Actual,LS,83,1/05/2026,,,0,591556.2028,Fee Items,739653.0717,838158.53,,,,,,,
2003 Wanaka TC - CBD connectivity upgrades,2003 Wanaka TC - CBD connectivity upgrades,Detailed Design,35,1/05/2026,2250,2250,0,591556.7528,Fee Items,739653.6217,840408.53,,,,,,,
2008 Fernhill Int - concept feasibility traffic assessment,2008 Fernhill Int - concept feasibility traffic assessment,Concept / Scoping,171,1/05/2026,,,0,591556.7528,Fee Items,741928.8511,840408.53,,,,,,,
2006 RISU Signs - Rural Intersection Safety Upgrade,2006 RISU Signs - Rural Intersection Safety Upgrade,Construction,89,1/05/2026,,,0,605975.3575,Fee Items,741928.8511,840408.53,,,,,,,
2006 RISU Signs - Rural Intersection Safety Upgrade,2006 RISU Signs - Rural Intersection Safety Upgrade,Construction,90,1/05/2026,,,0,692642.0242,Non-Fee Items,741928.8511,840408.53,,,,,,,
2007 RISU Bundle - Rural Intersection Safety Upgrades,Actual,Construction,96,1/05/2026,,,0,779442.0242,Non-Fee Items,826882.0778,840408.53,,,,,,,
2009 Brunswick Int - Upgrade,2009 Brunswick Int - Upgrade,Detailed Design,67,1/05/2026,3051,3051,0,779442.5742,Fee Items,826882.6278,843459.53,,,,,,,
2005 Crown Range Passing Lanes,2005 Crown Range Passing Lanes,Detailed Design,48,1/05/2026,3730,3730,0,779443.1242,Fee Items,826883.1778,847189.53,,,,,,,
2003 Wanaka TC - CBD connectivity upgrades,2003 Wanaka TC - CBD connectivity upgrades,Detailed Design,159,1/05/2026,,,0,829709.7909,Fee Items,862069.8445,847189.53,,,,,,,
2004 Arthurs Point - traffic calming,2004 Arthurs Point - traffic calming,Detailed Design,119,1/06/2026,,,0,839183.4751,Fee Items,875343.6603,847189.53,,,,,,,
2005 Crown Range Passing Lanes,2005 Crown Range Passing Lanes,Detailed Design,140,1/06/2026,,,0,851705.2142,Fee Items,884985.3994,847189.53,,,,,,,
2002 Glenorchy TC - Township improvements,Actual,Construction,132,1/06/2026,,,0,857912.1108,Non-Fee Items,888463.8477,847189.53,,,,,,,
2003 Wanaka TC - CBD connectivity upgrades,2003 Wanaka TC - CBD connectivity upgrades,Detailed Design,160,1/06/2026,,,0,858428.2398,Fee Items,888463.8477,847189.53,,,,,,,
2011 Golf Course RBT,2011 Golf Course RBT,Detailed Design,148,1/06/2026,,,0,872617.429,Fee Items,904582.3612,847189.53,,,,,,,
9000 Road Safety Audits (SSA),SSA 2009 - Brunswick Int DD,RSA/SSA,185,1/06/2026,,,0,872617.6951,Fee Items,909372.6838,847189.53,,,,,,,
9000 Road Safety Audits (SSA),SSA 2003 - Wanaka TC DD,RSA/SSA,179,1/06/2026,,,0,872618.2451,Fee Items,920372.6838,847189.53,,,,,,,
9000 Road Safety Audits (SSA),SSA 2005 - CR Passing Lanes DD,RSA/SSA,183,1/06/2026,,,0,872618.529,Fee Items,925017.8451,847189.53,,,,,,,
2008 Fernhill Int - concept feasibility traffic assessment,2008 Fernhill Int - concept feasibility traffic assessment,Concept / Scoping,171,1/06/2026,,,0,872618.529,Fee Items,927219.68,847189.53,,,,,,,
2011 Golf Course RBT,2011 Golf Course RBT,Detailed Design,149,1/06/2026,,,0,876618.529,Fee Items,927219.68,847189.53,,,,,,,
9000 Road Safety Audits (SSA),SSA 2011 - Golf Course Rbt DD,RSA/SSA,187,1/06/2026,,,0,876619.079,Fee Items,938219.68,847189.53,,,,,,,
00_Programme Management,Actual,LS,83,1/06/2026,,,0,890247.6504,Fee Items,951848.2514,847189.53,,,,,,,
2009 Brunswick Int - Upgrade,2009 Brunswick Int - Upgrade,Detailed Design,101,1/06/2026,,,0,895406.5289,Fee Items,960550.6346,847189.53,,,,,,,
2007 RISU Bundle - Rural Intersection Safety Upgrades,Actual,Construction,97,1/06/2026,,,0,900491.2747,Non-Fee Items,1109525.55,847189.53,,,,,,,
2007 RISU Bundle - Rural Intersection Safety Upgrades,Actual,Construction,96,1/06/2026,,,0,984491.2747,Non-Fee Items,1191738.35,847189.53,,,,,,,
9000 Road Safety Audits (SSA),SSA 2011 - Golf Course Rbt DD,RSA/SSA,77,1/06/2026,8250,8250,0,984491.8247,Fee Items,1191738.9,855439.53,,,,,,,
2007 RISU Bundle - Rural Intersection Safety Upgrades,2007 RISU Bundle - Rural Intersection Safety Upgrades,Construction,95,1/06/2026,,,0,1003505.909,Fee Items,1195795.238,855439.53,,,,,,,
9000 Road Safety Audits (SSA),SSA 2003 - Wanaka TC DD,RSA/SSA,38,1/06/2026,8250,8250,0,1003506.459,Fee Items,1195795.788,863689.53,,,,,,,
2003 Wanaka TC - CBD connectivity upgrades,2003 Wanaka TC - CBD connectivity upgrades,Detailed Design,36,1/06/2026,6748,6748,0,1003507.009,Fee Items,1195796.338,870437.53,,,,,,,
00_Programme Management,00_Programme Management,LS,16,1/06/2026,13992,13992,0,1003507.559,Fee Items,1195796.888,884429.53,,,,,,,
2002 Glenorchy TC - Township improvements,2002 Glenorchy TC - Township improvements,Detailed Design,28,1/06/2026,6725,6725,0,1003508.109,Fee Items,1195797.438,891154.53,,,,,,,
2002 Glenorchy TC - Township improvements,2002 Glenorchy TC - Township improvements,Detailed Design,26,1/06/2026,4245,4245,0,1003508.659,Fee Items,1195797.988,895399.53,,,,,,,
2007 RISU Bundle - Rural Intersection Safety Upgrades,2007 RISU Bundle - Rural Intersection Safety Upgrades,Construction,3,1/06/2026,358296,358296,0,1003509.209,Non-Fee Items,1195798.538,1253695.53,,,,,,,
2006 RISU Signs - Rural Intersection Safety Upgrade,2006 RISU Signs - Rural Intersection Safety Upgrade,Construction,90,1/06/2026,,,0,1103509.209,Non-Fee Items,1195798.538,1253695.53,,,,,,,
2006 RISU Signs - Rural Intersection Safety Upgrade,2006 RISU Signs - Rural Intersection Safety Upgrade,Construction,89,1/06/2026,,,0,1108625.488,Fee Items,1195798.538,1253695.53,,,,,,,
9000 Road Safety Audits (SSA),SSA 2009 - Brunswick Int DD,RSA/SSA,68,1/06/2026,7425,7425,0,1108626.038,Fee Items,1195799.088,1261120.53,,,,,,,
9000 Road Safety Audits (SSA),SSA 2005 - CR Passing Lanes DD,RSA/SSA,50,1/06/2026,6750,6750,0,1108626.588,Fee Items,1195799.638,1267870.53,,,,,,,
9000 Road Safety Audits (SSA),SSA 2013 - Shepherds Hut Crk DD,RSA/SSA,81,1/06/2026,8250,8250,0,1108627.138,Fee Items,1195800.188,1276120.53,,,,,,,
2005 Crown Range Passing Lanes,2005 Crown Range Passing Lanes,Detailed Design,49,1/06/2026,11190,11190,0,1108627.688,Fee Items,1195800.738,1287310.53,,,,,,,
2011 Golf Course RBT,2011 Golf Course RBT,Detailed Design,75,1/06/2026,18850,18850,0,1108628.238,Fee Items,1195801.288,1306160.53,,,,,,,
9000 Road Safety Audits (SSA),SSA 2009 - Brunswick Int DD,RSA/SSA,69,1/07/2026,2475,2475,0,1108628.788,Fee Items,1195801.838,1308635.53,,,,,,,
00_Programme Management,00_Programme Management,LS,17,1/07/2026,13992,13992,0,1108629.338,Fee Items,1195802.388,1322627.53,,,,,,,
9000 Road Safety Audits (SSA),SSA 2005 - CR Passing Lanes DD,RSA/SSA,51,1/07/2026,2250,2250,0,1108629.888,Fee Items,1195802.938,1324877.53,,,,,,,
2007 RISU Bundle - Rural Intersection Safety Upgrades,2007 RISU Bundle - Rural Intersection Safety Upgrades,Construction,95,1/07/2026,,,0,1114334.114,Fee Items,1197019.839,1324877.53,,,,,,,
2007 RISU Bundle - Rural Intersection Safety Upgrades,Actual,Construction,96,1/07/2026,,,0,1122734.114,Non-Fee Items,1205241.119,1324877.53,,,,,,,
2007 RISU Bundle - Rural Intersection Safety Upgrades,Actual,Construction,97,1/07/2026,,,0,1123242.588,Non-Fee Items,1220138.611,1324877.53,,,,,,,
2004 Arthurs Point - traffic calming,2004 Arthurs Point - traffic calming,Detailed Design,119,1/07/2026,,,0,1153768.904,Fee Items,1262909.795,1324877.53,,,,,,,
2011 Golf Course RBT,2011 Golf Course RBT,Detailed Design,76,1/07/2026,27219,27219,0,1153769.454,Fee Items,1262910.345,1352096.53,,,,,,,
2004 Arthurs Point - traffic calming,2004 Arthurs Point - traffic calming,Concept / Scoping,42,1/07/2026,11883,11883,0,1153770.004,Fee Items,1262910.895,1363979.53,,,,,,,
00_Programme Management,Actual,LS,83,1/07/2026,,,0,1167852.861,Fee Items,1276993.752,1363979.53,,,,,,,
9000 Road Safety Audits (SSA),SSA 2011 - Golf Course Rbt DD,RSA/SSA,78,1/07/2026,2750,2750,0,1167853.411,Fee Items,1276994.302,1366729.53,,,,,,,
2011 Golf Course RBT,2011 Golf Course RBT,Detailed Design,148,1/07/2026,,,0,1181569.627,Fee Items,1292575.532,1366729.53,,,,,,,
2002 Glenorchy TC - Township improvements,2002 Glenorchy TC - Township improvements,Construction,133,1/07/2026,,,0,1183066.973,Fee Items,1293557.833,1366729.53,,,,,,,
2002 Glenorchy TC - Township improvements,Actual,Construction,132,1/07/2026,,,0,1188860.076,Non-Fee Items,1296804.384,1366729.53,,,,,,,
2008 Fernhill Int - concept feasibility traffic assessment,2008 Fernhill Int - concept feasibility traffic assessment,Concept / Scoping,171,1/07/2026,,,0,1188860.076,Fee Items,1299079.614,1366729.53,,,,,,,
9000 Road Safety Audits (SSA),SSA 2005 - CR Passing Lanes DD,RSA/SSA,183,1/07/2026,,,0,1188860.342,Fee Items,1303434.453,1366729.53,,,,,,,
2006 RISU Signs - Rural Intersection Safety Upgrade,2006 RISU Signs - Rural Intersection Safety Upgrade,Construction,91,1/07/2026,,,0,1189389.443,Non-Fee Items,1303963.553,1366729.53,,,,,,,
2006 RISU Signs - Rural Intersection Safety Upgrade,2006 RISU Signs - Rural Intersection Safety Upgrade,Construction,90,1/07/2026,,,0,1192722.776,Non-Fee Items,1303963.553,1366729.53,,,,,,,
9000 Road Safety Audits (SSA),SSA 2013 - Shepherds Hut Crk DD,RSA/SSA,82,1/07/2026,2750,2750,0,1192723.326,Fee Items,1303964.103,1369479.53,,,,,,,
2011 Golf Course RBT,2011 Golf Course RBT,Construction,150,1/07/2026,,,0,1196874.269,Non-Fee Items,1306442.216,1369479.53,,,,,,,
9000 Road Safety Audits (SSA),SSA 2009 - Brunswick Int DD,RSA/SSA,185,1/07/2026,,,0,1196874.553,Fee Items,1311551.894,1369479.53,,,,,,,
2011 Golf Course RBT,2011 Golf Course RBT,Detailed Design,79,1/07/2026,9100,9100,0,1196875.103,Fee Items,1311552.444,1378579.53,,,,,,,
9000 Road Safety Audits (SSA),SSA 2003 - Wanaka TC DD,RSA/SSA,39,1/07/2026,2750,2750,0,1196875.653,Fee Items,1311552.994,1381329.53,,,,,,,
2003 Wanaka TC - CBD connectivity upgrades,2003 Wanaka TC - CBD connectivity upgrades,Detailed Design,160,1/07/2026,,,0,1197359.524,Fee Items,1311552.994,1381329.53,,,,,,,
2006 RISU Signs - Rural Intersection Safety Upgrade,2006 RISU Signs - Rural Intersection Safety Upgrade,Construction,91,1/08/2026,,,0,1197906.261,Non-Fee Items,1312099.731,1381329.53,,,,,,,
2011 Golf Course RBT,2011 Golf Course RBT,Concept / Scoping,73,1/08/2026,-2804,-2804,0,1197906.811,Fee Items,1312100.281,1378525.53,,,,,,,
2011 Golf Course RBT,2011 Golf Course RBT,Construction,150,1/08/2026,,,0,1209604.925,Non-Fee Items,1319084.054,1378525.53,,,,,,,
2002 Glenorchy TC - Township improvements,2002 Glenorchy TC - Township improvements,Construction,133,1/08/2026,,,0,1225077.491,Fee Items,1329234.497,1378525.53,,,,,,,
2004 Arthurs Point - traffic calming,2004 Arthurs Point - traffic calming,Detailed Design,43,1/08/2026,5604,5604,0,1225078.041,Fee Items,1329235.047,1384129.53,,,,,,,
2011 Golf Course RBT,2011 Golf Course RBT,Detailed Design,80,1/08/2026,9100,9100,0,1225078.591,Fee Items,1329235.597,1393229.53,,,,,,,
00_Programme Management,Actual,LS,83,1/08/2026,,,0,1239161.448,Fee Items,1343318.454,1393229.53,,,,,,,
2008 Fernhill Int - concept feasibility traffic assessment,2008 Fernhill Int - concept feasibility traffic assessment,Concept / Scoping,171,1/08/2026,,,0,1239161.448,Fee Items,1345593.683,1393229.53,,,,,,,
00_Programme Management,00_Programme Management,LS,18,1/08/2026,13992,13992,0,1239161.998,Fee Items,1345594.233,1407221.53,,,,,,,
2002 Glenorchy TC - Township improvements,2002 Glenorchy TC - Township improvements,Detailed Design,29,1/08/2026,3362,3362,0,1239162.548,Fee Items,1345594.783,1410583.53,,,,,,,
2003 Wanaka TC - CBD connectivity upgrades,2003 Wanaka TC - CBD connectivity upgrades,Construction,161,1/08/2026,,,0,1242376.834,Non-Fee Items,1348809.069,1410583.53,,,,,,,
2009 Brunswick Int - Upgrade,2009 Brunswick Int - Upgrade,Construction,102,1/08/2026,,,0,1243888.739,Non-Fee Items,1350320.974,1410583.53,,,,,,,
2003 Wanaka TC - CBD connectivity upgrades,2003 Wanaka TC - CBD connectivity upgrades,Construction,161,1/09/2026,,8035.7143,0,1251924.453,Non-Fee Items,1358356.688,1410583.53,,,,,,,
00_Programme Management,Actual,LS,83,1/09/2026,,13628.5714,0,1265553.024,Fee Items,1371985.26,1410583.53,,,,,,,
2002 Glenorchy TC - Township improvements,2002 Glenorchy TC - Township improvements,Construction,134,1/09/2026,,81028.6875,0,1334553.024,Non-Fee Items,1453013.947,1410583.53,,,,,,,
2002 Glenorchy TC - Township improvements,2002 Glenorchy TC - Township improvements,Construction,133,1/09/2026,,9823.0088,0,1349526.476,Fee Items,1462836.956,1410583.53,,,,,,,
2005 Crown Range Passing Lanes,2005 Crown Range Passing Lanes,Construction,141,1/09/2026,,210.5263,0,1349737.002,Non-Fee Items,1463047.482,1410583.53,,,,,,,
2008 Fernhill Int - concept feasibility traffic assessment,2008 Fernhill Int - concept feasibility traffic assessment,Concept / Scoping,171,1/09/2026,,2201.8349,0,1349737.002,Fee Items,1465249.317,1410583.53,,,,,,,
2006 RISU Signs - Rural Intersection Safety Upgrade,2006 RISU Signs - Rural Intersection Safety Upgrade,Construction,91,1/09/2026,,529.1005,0,1350266.102,Non-Fee Items,1465778.418,1410583.53,,,,,,,
2010 Wayfinding - Active Travel Wayfinding - Wakatipu and Wanaka,2010 Wayfinding - Active Travel Wayfinding - Wakatipu and Wanaka,Detailed Design,165,1/09/2026,,17157.8947,0,1366055.576,Fee Items,1482936.312,1410583.53,,,,,,,
2011 Golf Course RBT,2011 Golf Course RBT,Construction,151,1/09/2026,,1400,0,1367722.243,Fee Items,1484336.312,1410583.53,,,,,,,
2011 Golf Course RBT,2011 Golf Course RBT,Construction,152,1/09/2026,,46111.1111,0,1393844.465,Non-Fee Items,1530447.423,1410583.53,,,,,,,
2011 Golf Course RBT,2011 Golf Course RBT,Construction,150,1/09/2026,,2478.1132,0,1397995.408,Non-Fee Items,1532925.537,1410583.53,,,,,,,
2009 Brunswick Int - Upgrade,2009 Brunswick Int - Upgrade,Construction,102,1/09/2026,,9071.4286,0,1407066.837,Non-Fee Items,1541996.965,1410583.53,,,,,,,
2014 Jims Way Shared Path,2014 Jims Way Shared Path,Concept / Scoping,178,1/09/2026,,14000,0,1407067.387,Fee Items,1555996.965,1410583.53,,,,,,,
9000 Road Safety Audits (SSA),SSA 2004 - Arthurs Point DD,RSA/SSA,181,1/09/2026,,9166.6667,0,1407067.845,Fee Items,1565163.632,1410583.53,,,,,,,
2011 Golf Course RBT,2011 Golf Course RBT,Construction,152,1/10/2026,,476481.4815,0,1676997.475,Non-Fee Items,2041645.113,1410583.53,,,,,,,
00_Programme Management,Actual,LS,83,1/10/2026,,14082.8571,0,1691080.332,Fee Items,2055727.971,1410583.53,,,,,,,
2002 Glenorchy TC - Township improvements,2002 Glenorchy TC - Township improvements,Construction,134,1/10/2026,,104662.0547,0,1780205.332,Non-Fee Items,2160390.025,1410583.53,,,,,,,
2003 Wanaka TC - CBD connectivity upgrades,2003 Wanaka TC - CBD connectivity upgrades,Construction,161,1/10/2026,,3750,0,1783955.332,Non-Fee Items,2164140.025,1410583.53,,,,,,,
2002 Glenorchy TC - Township improvements,2002 Glenorchy TC - Township improvements,Construction,133,1/10/2026,,10150.4425,0,1799427.898,Fee Items,2174290.468,1410583.53,,,,,,,
2003 Wanaka TC - CBD connectivity upgrades,2003 Wanaka TC - CBD connectivity upgrades,Construction,162,1/10/2026,,5448.7179,0,1806009.95,Fee Items,2179739.186,1410583.53,,,,,,,
2008 Fernhill Int - concept feasibility traffic assessment,2008 Fernhill Int - concept feasibility traffic assessment,Concept / Scoping,171,1/10/2026,,2275.2294,0,1806009.95,Fee Items,2182014.415,1410583.53,,,,,,,
2006 RISU Signs - Rural Intersection Safety Upgrade,2006 RISU Signs - Rural Intersection Safety Upgrade,Construction,91,1/10/2026,,546.7372,0,1806556.687,Non-Fee Items,2182561.152,1410583.53,,,,,,,
2010 Wayfinding - Active Travel Wayfinding - Wakatipu and Wanaka,2010 Wayfinding - Active Travel Wayfinding - Wakatipu and Wanaka,Detailed Design,165,1/10/2026,,53189.4737,0,1855504.055,Fee Items,2235750.626,1410583.53,,,,,,,
2005 Crown Range Passing Lanes,2005 Crown Range Passing Lanes,Construction,141,1/10/2026,,6526.3158,0,1862030.371,Non-Fee Items,2242276.942,1410583.53,,,,,,,
9000 Road Safety Audits (SSA),SSA 2004 - Arthurs Point DD,RSA/SSA,181,1/10/2026,,1833.3333,0,1862030.463,Fee Items,2244110.275,1410583.53,,,,,,,
2009 Brunswick Int - Upgrade,2009 Brunswick Int - Upgrade,Construction,102,1/10/2026,,2116.6667,0,1864147.129,Non-Fee Items,2246226.942,1410583.53,,,,,,,
2009 Brunswick Int - Upgrade,2009 Brunswick Int - Upgrade,Construction,104,1/10/2026,,223098.5915,0,1928372.482,Non-Fee Items,2469325.533,1410583.53,,,,,,,
2009 Brunswick Int - Upgrade,2009 Brunswick Int - Upgrade,Construction,103,1/10/2026,,13521.1268,0,1941893.608,Fee Items,2482846.66,1410583.53,,,,,,,
2011 Golf Course RBT,2011 Golf Course RBT,Construction,151,1/10/2026,,14466.6667,0,1959115.831,Fee Items,2497313.327,1410583.53,,,,,,,
2009 Brunswick Int - Upgrade,2009 Brunswick Int - Upgrade,Construction,104,1/11/2026,,278873.2394,0,2039397.521,Non-Fee Items,2776186.566,1410583.53,,,,,,,
2004 Arthurs Point - traffic calming,2004 Arthurs Point - traffic calming,Construction,120,1/11/2026,,2333.3333,0,2041730.854,Non-Fee Items,2778519.899,1410583.53,,,,,,,
2002 Glenorchy TC - Township improvements,2002 Glenorchy TC - Township improvements,Construction,134,1/11/2026,,101285.8594,0,2127980.854,Non-Fee Items,2879805.759,1410583.53,,,,,,,
2011 Golf Course RBT,2011 Golf Course RBT,Construction,151,1/11/2026,,14000,0,2144647.521,Fee Items,2893805.759,1410583.53,,,,,,,
2002 Glenorchy TC - Township improvements,2002 Glenorchy TC - Township improvements,Construction,133,1/11/2026,,5893.8053,0,2153631.591,Fee Items,2899699.564,1410583.53,,,,,,,
2009 Brunswick Int - Upgrade,2009 Brunswick Int - Upgrade,Construction,103,1/11/2026,,16901.4085,0,2170533,Fee Items,2916600.973,1410583.53,,,,,,,
2003 Wanaka TC - CBD connectivity upgrades,2003 Wanaka TC - CBD connectivity upgrades,Construction,162,1/11/2026,,9615.3846,0,2182148.385,Fee Items,2926216.357,1410583.53,,,,,,,
2008 Fernhill Int - concept feasibility traffic assessment,2008 Fernhill Int - concept feasibility traffic assessment,Concept / Scoping,171,1/11/2026,,2201.8349,0,2182148.385,Fee Items,2928418.192,1410583.53,,,,,,,
2005 Crown Range Passing Lanes,2005 Crown Range Passing Lanes,Construction,141,1/11/2026,,5263.1579,0,2187411.542,Non-Fee Items,2933681.35,1410583.53,,,,,,,
2005 Crown Range Passing Lanes,2005 Crown Range Passing Lanes,Construction,143,1/11/2026,,16581.6327,0,2203993.175,Non-Fee Items,2950262.983,1410583.53,,,,,,,
2011 Golf Course RBT,2011 Golf Course RBT,Construction,152,1/11/2026,,461111.1111,0,2465215.397,Non-Fee Items,3411374.094,1410583.53,,,,,,,
00_Programme Management,Actual,LS,83,1/11/2026,,13628.5714,0,2478843.969,Fee Items,3425002.665,1410583.53,,,,,,,
2006 RISU Signs - Rural Intersection Safety Upgrade,2006 RISU Signs - Rural Intersection Safety Upgrade,Construction,91,1/11/2026,,529.1005,0,2479373.069,Non-Fee Items,3425531.766,1410583.53,,,,,,,
2005 Crown Range Passing Lanes,2005 Crown Range Passing Lanes,Construction,142,1/11/2026,,637.7551,0,2481049.09,Fee Items,3426169.521,1410583.53,,,,,,,
2010 Wayfinding - Active Travel Wayfinding - Wakatipu and Wanaka,2010 Wayfinding - Active Travel Wayfinding - Wakatipu and Wanaka,Detailed Design,165,1/11/2026,,51473.6842,0,2528417.511,Fee Items,3477643.205,1410583.53,,,,,,,
2008 Fernhill Int - concept feasibility traffic assessment,2008 Fernhill Int - concept feasibility traffic assessment,Concept / Scoping,174,1/12/2026,,0,0,2542231.464,Fee Items,3477643.205,1410583.53,,,,,,,
2005 Crown Range Passing Lanes,2005 Crown Range Passing Lanes,Construction,143,1/12/2026,,102806.1224,0,2645037.587,Non-Fee Items,3580449.327,1410583.53,,,,,,,
2005 Crown Range Passing Lanes,2005 Crown Range Passing Lanes,Construction,142,1/12/2026,,3954.0816,0,2655428.913,Fee Items,3584403.409,1410583.53,,,,,,,
2009 Brunswick Int - Upgrade,2009 Brunswick Int - Upgrade,Construction,104,1/12/2026,,158028.169,0,2700921.871,Non-Fee Items,3742431.578,1410583.53,,,,,,,
2006 RISU Signs - Rural Intersection Safety Upgrade,2006 RISU Signs - Rural Intersection Safety Upgrade,Construction,91,1/12/2026,,546.7372,0,2701468.608,Non-Fee Items,3742978.315,1410583.53,,,,,,,
2009 Brunswick Int - Upgrade,2009 Brunswick Int - Upgrade,Construction,105,1/12/2026,,244.3281,0,2701712.936,Non-Fee Items,3743222.643,1410583.53,,,,,,,
2008 Fernhill Int - concept feasibility traffic assessment,2008 Fernhill Int - concept feasibility traffic assessment,Concept / Scoping,172,1/12/2026,,2763.1579,0,2701712.936,Fee Items,3745985.801,1410583.53,,,,,,,
2008 Fernhill Int - concept feasibility traffic assessment,2008 Fernhill Int - concept feasibility traffic assessment,Concept / Scoping,171,1/12/2026,,293.578,0,2701712.936,Fee Items,3746279.379,1410583.53,,,,,,,
2010 Wayfinding - Active Travel Wayfinding - Wakatipu and Wanaka,2010 Wayfinding - Active Travel Wayfinding - Wakatipu and Wanaka,Detailed Design,165,1/12/2026,,41178.9474,0,2739607.673,Fee Items,3787458.327,1410583.53,,,,,,,
2009 Brunswick Int - Upgrade,2009 Brunswick Int - Upgrade,Construction,103,1/12/2026,,9577.4648,0,2749185.138,Fee Items,3797035.791,1410583.53,,,,,,,
2002 Glenorchy TC - Township improvements,2002 Glenorchy TC - Township improvements,Construction,134,1/12/2026,,104662.0547,0,2838310.138,Non-Fee Items,3901697.846,1410583.53,,,,,,,
2003 Wanaka TC - CBD connectivity upgrades,2003 Wanaka TC - CBD connectivity upgrades,Construction,163,1/12/2026,,112767.2956,0,2935165.484,Non-Fee Items,4014465.142,1410583.53,,,,,,,
2004 Arthurs Point - traffic calming,2004 Arthurs Point - traffic calming,Construction,120,1/12/2026,,5166.6667,0,2940332.15,Non-Fee Items,4019631.808,1410583.53,,,,,,,
2011 Golf Course RBT,2011 Golf Course RBT,Construction,152,1/12/2026,,476481.4815,0,3210261.78,Non-Fee Items,4496113.29,1410583.53,,,,,,,
2011 Golf Course RBT,2011 Golf Course RBT,Construction,151,1/12/2026,,14466.6667,0,3227484.002,Fee Items,4510579.957,1410583.53,,,,,,,
9000 Road Safety Audits (SSA),SSA 2009 - Brunswick Int PC,RSA/SSA,186,1/12/2026,,6275.8621,0,3227484.268,Fee Items,4516855.819,1410583.53,,,,,,,
2003 Wanaka TC - CBD connectivity upgrades,2003 Wanaka TC - CBD connectivity upgrades,Construction,162,1/12/2026,,9935.8974,0,3239486.832,Fee Items,4526791.716,1410583.53,,,,,,,
00_Programme Management,Actual,LS,83,1/12/2026,,14082.8571,0,3253569.689,Fee Items,4540874.573,1410583.53,,,,,,,
2005 Crown Range Passing Lanes,2005 Crown Range Passing Lanes,Construction,143,1/01/2027,,102806.1224,0,3356375.811,Non-Fee Items,4643680.696,1410583.53,,,,,,,
2003 Wanaka TC - CBD connectivity upgrades,2003 Wanaka TC - CBD connectivity upgrades,Construction,162,1/01/2027,,9935.8974,0,3368378.375,Fee Items,4653616.593,1410583.53,,,,,,,
2005 Crown Range Passing Lanes,2005 Crown Range Passing Lanes,Construction,142,1/01/2027,,3954.0816,0,3378769.702,Fee Items,4657570.675,1410583.53,,,,,,,
2003 Wanaka TC - CBD connectivity upgrades,2003 Wanaka TC - CBD connectivity upgrades,Construction,163,1/01/2027,,317798.7421,0,3651725.677,Non-Fee Items,4975369.417,1410583.53,,,,,,,
2008 Fernhill Int - concept feasibility traffic assessment,2008 Fernhill Int - concept feasibility traffic assessment,Concept / Scoping,175,1/01/2027,,6428.5714,0,3659011.391,Fee Items,4981797.988,1410583.53,,,,,,,
2011 Golf Course RBT,2011 Golf Course RBT,Construction,152,1/01/2027,,476481.4815,0,3928941.021,Non-Fee Items,5458279.47,1410583.53,,,,,,,
2011 Golf Course RBT,2011 Golf Course RBT,Construction,151,1/01/2027,,14466.6667,0,3946163.243,Fee Items,5472746.136,1410583.53,,,,,,,
2008 Fernhill Int - concept feasibility traffic assessment,2008 Fernhill Int - concept feasibility traffic assessment,Concept / Scoping,172,1/01/2027,,3426.3158,0,3946163.243,Fee Items,5476172.452,1410583.53,,,,,,,
2008 Fernhill Int - concept feasibility traffic assessment,2008 Fernhill Int - concept feasibility traffic assessment,Concept / Scoping,174,1/01/2027,,0,0,3965349.289,Fee Items,5476172.452,1410583.53,,,,,,,
2002 Glenorchy TC - Township improvements,2002 Glenorchy TC - Township improvements,Construction,135,1/01/2027,,339.8927,0,3965689.182,Non-Fee Items,5476512.345,1410583.53,,,,,,,
00_Programme Management,Actual,LS,83,1/01/2027,,14082.8571,0,3979772.039,Fee Items,5490595.202,1410583.53,,,,,,,
9000 Road Safety Audits (SSA),SSA 2009 - Brunswick Int PC,RSA/SSA,186,1/01/2027,,6724.1379,0,3979772.324,Fee Items,5497319.34,1410583.53,,,,,,,
2006 RISU Signs - Rural Intersection Safety Upgrade,2006 RISU Signs - Rural Intersection Safety Upgrade,Construction,91,1/01/2027,,546.7372,0,3980319.061,Non-Fee Items,5497866.077,1410583.53,,,,,,,
2002 Glenorchy TC - Township improvements,2002 Glenorchy TC - Township improvements,Construction,134,1/01/2027,,40514.3438,0,4014819.061,Non-Fee Items,5538380.421,1410583.53,,,,,,,
2009 Brunswick Int - Upgrade,2009 Brunswick Int - Upgrade,Construction,105,1/01/2027,,541.0122,0,4015360.073,Non-Fee Items,5538921.433,1410583.53,,,,,,,
2004 Arthurs Point - traffic calming,2004 Arthurs Point - traffic calming,Construction,120,1/01/2027,,5166.6667,0,4020526.74,Non-Fee Items,5544088.1,1410583.53,,,,,,,
2003 Wanaka TC - CBD connectivity upgrades,2003 Wanaka TC - CBD connectivity upgrades,Construction,163,1/02/2027,,287044.0252,0,4267067.62,Non-Fee Items,5831132.125,1410583.53,,,,,,,
2003 Wanaka TC - CBD connectivity upgrades,2003 Wanaka TC - CBD connectivity upgrades,Construction,162,1/02/2027,,8974.359,0,4277908.646,Fee Items,5840106.484,1410583.53,,,,,,,
2004 Arthurs Point - traffic calming,2004 Arthurs Point - traffic calming,Construction,120,1/02/2027,,333.3333,0,4278241.979,Non-Fee Items,5840439.817,1410583.53,,,,,,,
2004 Arthurs Point - traffic calming,2004 Arthurs Point - traffic calming,Construction,121,1/02/2027,,7500,0,4295491.979,Fee Items,5847939.817,1410583.53,,,,,,,
00_Programme Management,Actual,LS,83,1/02/2027,,12720,0,4308211.979,Fee Items,5860659.817,1410583.53,,,,,,,
2002 Glenorchy TC - Township improvements,2002 Glenorchy TC - Township improvements,Construction,135,1/02/2027,,500.8945,0,4308712.874,Non-Fee Items,5861160.712,1410583.53,,,,,,,
2008 Fernhill Int - concept feasibility traffic assessment,2008 Fernhill Int - concept feasibility traffic assessment,Concept / Scoping,175,1/02/2027,,23571.4286,0,4335427.159,Fee Items,5884732.14,1410583.53,,,,,,,
2006 RISU Signs - Rural Intersection Safety Upgrade,2006 RISU Signs - Rural Intersection Safety Upgrade,Construction,91,1/02/2027,,493.8272,0,4335920.986,Non-Fee Items,5885225.968,1410583.53,,,,,,,
2011 Golf Course RBT,2011 Golf Course RBT,Construction,151,1/02/2027,,13066.6667,0,4351476.542,Fee Items,5898292.634,1410583.53,,,,,,,
2004 Arthurs Point - traffic calming,Actual,Construction,122,1/02/2027,,113750,0,4465226.542,Non-Fee Items,6012042.634,1410583.53,,,,,,,
2010 Wayfinding - Active Travel Wayfinding - Wakatipu and Wanaka,2010 Wayfinding - Active Travel Wayfinding - Wakatipu and Wanaka,Construction,166,1/02/2027,,3559.322,0,4472345.186,Non-Fee Items,6015601.956,1410583.53,,,,,,,
2011 Golf Course RBT,2011 Golf Course RBT,Construction,152,1/02/2027,,430370.3704,0,4716152.594,Non-Fee Items,6445972.327,1410583.53,,,,,,,
2008 Fernhill Int - concept feasibility traffic assessment,2008 Fernhill Int - concept feasibility traffic assessment,Concept / Scoping,172,1/02/2027,,3094.7368,0,4716152.594,Fee Items,6449067.063,1410583.53,,,,,,,
2009 Brunswick Int - Upgrade,2009 Brunswick Int - Upgrade,Construction,105,1/02/2027,,488.6562,0,4716641.25,Non-Fee Items,6449555.72,1410583.53,,,,,,,
2005 Crown Range Passing Lanes,2005 Crown Range Passing Lanes,Construction,143,1/02/2027,,92857.1429,0,4809498.393,Non-Fee Items,6542412.863,1410583.53,,,,,,,
2005 Crown Range Passing Lanes,2005 Crown Range Passing Lanes,Construction,142,1/02/2027,,3571.4286,0,4818884.107,Fee Items,6545984.291,1410583.53,,,,,,,
2005 Crown Range Passing Lanes,2005 Crown Range Passing Lanes,Construction,143,1/03/2027,,102806.1224,0,4921690.229,Non-Fee Items,6648790.414,1410583.53,,,,,,,
2011 Golf Course RBT,2011 Golf Course RBT,Construction,151,1/03/2027,,14466.6667,0,4938912.452,Fee Items,6663257.08,1410583.53,,,,,,,
00_Programme Management,Actual,LS,83,1/03/2027,,14082.8571,0,4952995.309,Fee Items,6677339.937,1410583.53,,,,,,,
2006 RISU Signs - Rural Intersection Safety Upgrade,2006 RISU Signs - Rural Intersection Safety Upgrade,Construction,91,1/03/2027,,546.7372,0,4953542.046,Non-Fee Items,6677886.675,1410583.53,,,,,,,
2008 Fernhill Int - concept feasibility traffic assessment,2008 Fernhill Int - concept feasibility traffic assessment,Concept / Scoping,172,1/03/2027,,3426.3158,0,4953542.046,Fee Items,6681312.99,1410583.53,,,,,,,
2009 Brunswick Int - Upgrade,2009 Brunswick Int - Upgrade,Construction,105,1/03/2027,,541.0122,0,4954083.058,Non-Fee Items,6681854.003,1410583.53,,,,,,,
2002 Glenorchy TC - Township improvements,2002 Glenorchy TC - Township improvements,Construction,135,1/03/2027,,554.5617,0,4954637.62,Non-Fee Items,6682408.564,1410583.53,,,,,,,
2004 Arthurs Point - traffic calming,2004 Arthurs Point - traffic calming,Construction,121,1/03/2027,,8942.3077,0,4975204.927,Fee Items,6691350.872,1410583.53,,,,,,,
2005 Crown Range Passing Lanes,2005 Crown Range Passing Lanes,Construction,142,1/03/2027,,3954.0816,0,4985596.254,Fee Items,6695304.954,1410583.53,,,,,,,
2004 Arthurs Point - traffic calming,Actual,Construction,122,1/03/2027,,135625,0,5121221.254,Non-Fee Items,6830929.954,1410583.53,,,,,,,
2003 Wanaka TC - CBD connectivity upgrades,2003 Wanaka TC - CBD connectivity upgrades,Construction,162,1/03/2027,,6089.7436,0,5128577.664,Fee Items,6837019.697,1410583.53,,,,,,,
2011 Golf Course RBT,2011 Golf Course RBT,Construction,152,1/03/2027,,476481.4815,0,5398507.294,Non-Fee Items,7313501.179,1410583.53,,,,,,,
2003 Wanaka TC - CBD connectivity upgrades,2003 Wanaka TC - CBD connectivity upgrades,Construction,163,1/03/2027,,317798.7421,0,5671463.269,Non-Fee Items,7631299.921,1410583.53,,,,,,,
2010 Wayfinding - Active Travel Wayfinding - Wakatipu and Wanaka,2010 Wayfinding - Active Travel Wayfinding - Wakatipu and Wanaka,Construction,166,1/03/2027,,7881.3559,0,5687225.981,Non-Fee Items,7639181.277,1410583.53,,,,,,,
2011 Golf Course RBT,2011 Golf Course RBT,Construction,151,1/04/2027,,14000,0,5703892.647,Fee Items,7653181.277,1410583.53,,,,,,,
2005 Crown Range Passing Lanes,2005 Crown Range Passing Lanes,Construction,143,1/04/2027,,99489.7959,0,5803382.443,Non-Fee Items,7752671.073,1410583.53,,,,,,,
2010 Wayfinding - Active Travel Wayfinding - Wakatipu and Wanaka,2010 Wayfinding - Active Travel Wayfinding - Wakatipu and Wanaka,Construction,167,1/04/2027,,3664.1221,0,5807046.565,Fee Items,7756335.195,1410583.53,,,,,,,
2011 Golf Course RBT,2011 Golf Course RBT,Construction,152,1/04/2027,,461111.1111,0,6068268.787,Non-Fee Items,8217446.306,1410583.53,,,,,,,
00_Programme Management,Actual,LS,83,1/04/2027,,13628.5714,0,6081897.359,Fee Items,8231074.877,1410583.53,,,,,,,
2006 RISU Signs - Rural Intersection Safety Upgrade,2006 RISU Signs - Rural Intersection Safety Upgrade,Construction,91,1/04/2027,,529.1005,0,6082426.459,Non-Fee Items,8231603.978,1410583.53,,,,,,,
2010 Wayfinding - Active Travel Wayfinding - Wakatipu and Wanaka,2010 Wayfinding - Active Travel Wayfinding - Wakatipu and Wanaka,Construction,166,1/04/2027,,3559.322,0,6089545.103,Non-Fee Items,8235163.3,1410583.53,,,,,,,
2008 Fernhill Int - concept feasibility traffic assessment,2008 Fernhill Int - concept feasibility traffic assessment,Concept / Scoping,172,1/04/2027,,3315.7895,0,6089545.103,Fee Items,8238479.089,1410583.53,,,,,,,
2010 Wayfinding - Active Travel Wayfinding - Wakatipu and Wanaka,2010 Wayfinding - Active Travel Wayfinding - Wakatipu and Wanaka,Construction,168,1/04/2027,,49230.7692,0,6138775.873,Non-Fee Items,8287709.858,1410583.53,,,,,,,
2009 Brunswick Int - Upgrade,2009 Brunswick Int - Upgrade,Construction,105,1/04/2027,,523.5602,0,6139299.433,Non-Fee Items,8288233.419,1410583.53,,,,,,,
2005 Crown Range Passing Lanes,2005 Crown Range Passing Lanes,Construction,142,1/04/2027,,3826.5306,0,6149355.555,Fee Items,8292059.949,1410583.53,,,,,,,
2004 Arthurs Point - traffic calming,2004 Arthurs Point - traffic calming,Construction,121,1/04/2027,,8653.8462,0,6169259.401,Fee Items,8300713.795,1410583.53,,,,,,,
2004 Arthurs Point - traffic calming,2004 Arthurs Point - traffic calming,Construction,123,1/04/2027,,72.2022,0,6169331.604,Non-Fee Items,8300785.998,1410583.53,,,,,,,
2004 Arthurs Point - traffic calming,Actual,Construction,122,1/04/2027,,100625,0,6269956.604,Non-Fee Items,8401410.998,1410583.53,,,,,,,
2003 Wanaka TC - CBD connectivity upgrades,2003 Wanaka TC - CBD connectivity upgrades,Construction,163,1/04/2027,,307547.1698,0,6534107.547,Non-Fee Items,8708958.167,1410583.53,,,,,,,
2002 Glenorchy TC - Township improvements,2002 Glenorchy TC - Township improvements,Construction,135,1/04/2027,,536.6726,0,6534644.22,Non-Fee Items,8709494.84,1410583.53,,,,,,,
2003 Wanaka TC - CBD connectivity upgrades,2003 Wanaka TC - CBD connectivity upgrades,Construction,163,1/05/2027,,287044.0252,0,6781185.1,Non-Fee Items,8996538.865,1410583.53,,,,,,,
2010 Wayfinding - Active Travel Wayfinding - Wakatipu and Wanaka,2010 Wayfinding - Active Travel Wayfinding - Wakatipu and Wanaka,Construction,168,1/05/2027,,95384.6154,0,6876569.716,Non-Fee Items,9091923.481,1410583.53,,,,,,,
2011 Golf Course RBT,2011 Golf Course RBT,Construction,152,1/05/2027,,476481.4815,0,7146499.345,Non-Fee Items,9568404.962,1410583.53,,,,,,,
2008 Fernhill Int - concept feasibility traffic assessment,2008 Fernhill Int - concept feasibility traffic assessment,Concept / Scoping,172,1/05/2027,,3426.3158,0,7146499.345,Fee Items,9571831.278,1410583.53,,,,,,,
2004 Arthurs Point - traffic calming,2004 Arthurs Point - traffic calming,Construction,121,1/05/2027,,4903.8462,0,7157778.191,Fee Items,9576735.124,1410583.53,,,,,,,
2004 Arthurs Point - traffic calming,2004 Arthurs Point - traffic calming,Construction,123,1/05/2027,,559.5668,0,7158337.758,Non-Fee Items,9577294.691,1410583.53,,,,,,,
2010 Wayfinding - Active Travel Wayfinding - Wakatipu and Wanaka,2010 Wayfinding - Active Travel Wayfinding - Wakatipu and Wanaka,Construction,167,1/05/2027,,7099.2366,0,7165436.995,Fee Items,9584393.927,1410583.53,,,,,,,
2009 Brunswick Int - Upgrade,2009 Brunswick Int - Upgrade,Construction,105,1/05/2027,,541.0122,0,7165978.007,Non-Fee Items,9584934.94,1410583.53,,,,,,,
2003 Wanaka TC - CBD connectivity upgrades,2003 Wanaka TC - CBD connectivity upgrades,Construction,164,1/05/2027,,18.0505,0,7165996.057,Non-Fee Items,9584952.99,1410583.53,,,,,,,
9000 Road Safety Audits (SSA),SSA 2004 - Arthurs Point PC,RSA/SSA,182,1/05/2027,,13000,0,7165996.607,Fee Items,9597952.99,1410583.53,,,,,,,
2006 RISU Signs - Rural Intersection Safety Upgrade,2006 RISU Signs - Rural Intersection Safety Upgrade,Construction,91,1/05/2027,,546.7372,0,7166543.345,Non-Fee Items,9598499.727,1410583.53,,,,,,,
9000 Road Safety Audits (SSA),SSA 2003 - Wanaka TC PC,RSA/SSA,180,1/05/2027,,866.6667,0,7166543.381,Fee Items,9599366.394,1410583.53,,,,,,,
2002 Glenorchy TC - Township improvements,2002 Glenorchy TC - Township improvements,Construction,135,1/05/2027,,554.5617,0,7167097.943,Non-Fee Items,9599920.956,1410583.53,,,,,,,
00_Programme Management,Actual,LS,83,1/05/2027,,14082.8571,0,7181180.8,Fee Items,9614003.813,1410583.53,,,,,,,
2011 Golf Course RBT,2011 Golf Course RBT,Construction,151,1/05/2027,,4666.6667,0,7186736.356,Fee Items,9618670.48,1410583.53,,,,,,,
2005 Crown Range Passing Lanes,2005 Crown Range Passing Lanes,Construction,143,1/05/2027,,102806.1224,0,7289542.478,Non-Fee Items,9721476.602,1410583.53,,,,,,,
2005 Crown Range Passing Lanes,2005 Crown Range Passing Lanes,Construction,142,1/05/2027,,3954.0816,0,7299933.805,Fee Items,9725430.684,1410583.53,,,,,,,
9000 Road Safety Audits (SSA),SSA 2003 - Wanaka TC PC,RSA/SSA,180,1/06/2027,,12133.3333,0,7299934.318,Fee Items,9737564.017,1410583.53,,,,,,,
2004 Arthurs Point - traffic calming,2004 Arthurs Point - traffic calming,Construction,123,1/06/2027,,541.5162,0,7300475.834,Non-Fee Items,9738105.533,1410583.53,,,,,,,
2008 Fernhill Int - concept feasibility traffic assessment,2008 Fernhill Int - concept feasibility traffic assessment,Concept / Scoping,176,1/06/2027,,0,0,7334476.834,Fee Items,9738105.533,1410583.53,,,,,,,
2002 Glenorchy TC - Township improvements,2002 Glenorchy TC - Township improvements,Construction,135,1/06/2027,,536.6726,0,7335013.507,Non-Fee Items,9738642.206,1410583.53,,,,,,,
9000 Road Safety Audits (SSA),SSA 2005 - CR Passing Lanes PC,RSA/SSA,184,1/06/2027,,13000,0,7335014.057,Fee Items,9751642.206,1410583.53,,,,,,,
2010 Wayfinding - Active Travel Wayfinding - Wakatipu and Wanaka,2010 Wayfinding - Active Travel Wayfinding - Wakatipu and Wanaka,Construction,168,1/06/2027,,55384.6154,0,7390398.672,Non-Fee Items,9807026.821,1410583.53,,,,,,,
2006 RISU Signs - Rural Intersection Safety Upgrade,2006 RISU Signs - Rural Intersection Safety Upgrade,Construction,91,1/06/2027,,529.1005,0,7390927.773,Non-Fee Items,9807555.922,1410583.53,,,,,,,
2010 Wayfinding - Active Travel Wayfinding - Wakatipu and Wanaka,2010 Wayfinding - Active Travel Wayfinding - Wakatipu and Wanaka,Construction,167,1/06/2027,,6870.229,0,7397798.002,Fee Items,9814426.151,1410583.53,,,,,,,
2005 Crown Range Passing Lanes,2005 Crown Range Passing Lanes,Construction,143,1/06/2027,,29846.9388,0,7427644.94,Non-Fee Items,9844273.089,1410583.53,,,,,,,
2005 Crown Range Passing Lanes,2005 Crown Range Passing Lanes,Construction,144,1/06/2027,,379.7468,0,7428024.687,Non-Fee Items,9844652.836,1410583.53,,,,,,,
2003 Wanaka TC - CBD connectivity upgrades,2003 Wanaka TC - CBD connectivity upgrades,Construction,164,1/06/2027,,541.5162,0,7428566.203,Non-Fee Items,9845194.352,1410583.53,,,,,,,
2010 Wayfinding - Active Travel Wayfinding - Wakatipu and Wanaka,2010 Wayfinding - Active Travel Wayfinding - Wakatipu and Wanaka,Construction,169,1/06/2027,,31250,0,7459816.203,Non-Fee Items,9876444.352,1410583.53,,,,,,,
2009 Brunswick Int - Upgrade,2009 Brunswick Int - Upgrade,Construction,105,1/06/2027,,523.5602,0,7460339.764,Non-Fee Items,9876967.913,1410583.53,,,,,,,
2008 Fernhill Int - concept feasibility traffic assessment,Actual,Concept / Scoping,177,1/06/2027,,0,0,7494341.764,Fee Items,9876967.913,1410583.53,,,,,,,
2011 Golf Course RBT,2011 Golf Course RBT,Construction,153,1/06/2027,,54.1516,0,7494395.915,Non-Fee Items,9877022.064,1410583.53,,,,,,,
2008 Fernhill Int - concept feasibility traffic assessment,2008 Fernhill Int - concept feasibility traffic assessment,Concept / Scoping,173,1/06/2027,,0,0,7500607.68,Fee Items,9877022.064,1410583.53,,,,,,,
2008 Fernhill Int - concept feasibility traffic assessment,2008 Fernhill Int - concept feasibility traffic assessment,Concept / Scoping,172,1/06/2027,,1547.3684,0,7500607.68,Fee Items,9878569.433,1410583.53,,,,,,,
2011 Golf Course RBT,2011 Golf Course RBT,Construction,152,1/06/2027,,368888.8889,0,7709585.458,Non-Fee Items,10247458.32,1410583.53,,,,,,,
2005 Crown Range Passing Lanes,2005 Crown Range Passing Lanes,Construction,142,1/06/2027,,1147.9592,0,7712602.294,Fee Items,10248606.28,1410583.53,,,,,,,
00_Programme Management,Actual,LS,83,1/06/2027,,13628.5714,0,7726230.866,Fee Items,10262234.85,1410583.53,,,,,,,
2003 Wanaka TC - CBD connectivity upgrades,2003 Wanaka TC - CBD connectivity upgrades,Construction,164,1/07/2027,,559.5668,0,7726790.433,Non-Fee Items,10262794.42,1410583.53,,,,,,,
2005 Crown Range Passing Lanes,2005 Crown Range Passing Lanes,Construction,144,1/07/2027,,560.5787,0,7727351.011,Non-Fee Items,10263355,1410583.53,,,,,,,
2008 Fernhill Int - concept feasibility traffic assessment,2008 Fernhill Int - concept feasibility traffic assessment,Concept / Scoping,173,1/07/2027,,0,0,7739386.305,Fee Items,10263355,1410583.53,,,,,,,
2010 Wayfinding - Active Travel Wayfinding - Wakatipu and Wanaka,2010 Wayfinding - Active Travel Wayfinding - Wakatipu and Wanaka,Construction,167,1/07/2027,,7099.2366,0,7746485.542,Fee Items,10270454.23,1410583.53,,,,,,,
2006 RISU Signs - Rural Intersection Safety Upgrade,2006 RISU Signs - Rural Intersection Safety Upgrade,Construction,91,1/07/2027,,546.7372,0,7747032.279,Non-Fee Items,10271000.97,1410583.53,,,,,,,
2011 Golf Course RBT,2011 Golf Course RBT,Construction,153,1/07/2027,,559.5668,0,7747591.846,Non-Fee Items,10271560.54,1410583.53,,,,,,,
2010 Wayfinding - Active Travel Wayfinding - Wakatipu and Wanaka,2010 Wayfinding - Active Travel Wayfinding - Wakatipu and Wanaka,Construction,169,1/07/2027,,96875,0,7844466.846,Non-Fee Items,10368435.54,1410583.53,,,,,,,
2009 Brunswick Int - Upgrade,2009 Brunswick Int - Upgrade,Construction,105,1/07/2027,,541.0122,0,7845007.858,Non-Fee Items,10368976.55,1410583.53,,,,,,,
2004 Arthurs Point - traffic calming,2004 Arthurs Point - traffic calming,Construction,123,1/07/2027,,559.5668,0,7845567.425,Non-Fee Items,10369536.12,1410583.53,,,,,,,
00_Programme Management,Actual,LS,83,1/07/2027,,3634.2857,0,7849201.711,Fee Items,10373170.4,1410583.53,,,,,,,
2002 Glenorchy TC - Township improvements,2002 Glenorchy TC - Township improvements,Construction,135,1/07/2027,,554.5617,0,7849756.272,Non-Fee Items,10373724.96,1410583.53,,,,,,,
2002 Glenorchy TC - Township improvements,2002 Glenorchy TC - Township improvements,Construction,135,1/08/2027,,554.5617,0,7850310.834,Non-Fee Items,10374279.53,1410583.53,,,,,,,
2005 Crown Range Passing Lanes,2005 Crown Range Passing Lanes,Construction,144,1/08/2027,,560.5787,0,7850871.413,Non-Fee Items,10374840.1,1410583.53,,,,,,,
2011 Golf Course RBT,2011 Golf Course RBT,Construction,153,1/08/2027,,559.5668,0,7851430.98,Non-Fee Items,10375399.67,1410583.53,,,,,,,
2003 Wanaka TC - CBD connectivity upgrades,2003 Wanaka TC - CBD connectivity upgrades,Construction,164,1/08/2027,,559.5668,0,7851990.546,Non-Fee Items,10375959.24,1410583.53,,,,,,,
2010 Wayfinding - Active Travel Wayfinding - Wakatipu and Wanaka,2010 Wayfinding - Active Travel Wayfinding - Wakatipu and Wanaka,Construction,169,1/08/2027,,71875,0,7923865.546,Non-Fee Items,10447834.24,1410583.53,,,,,,,
2009 Brunswick Int - Upgrade,2009 Brunswick Int - Upgrade,Construction,105,1/08/2027,,541.0122,0,7924406.559,Non-Fee Items,10448375.25,1410583.53,,,,,,,
2010 Wayfinding - Active Travel Wayfinding - Wakatipu and Wanaka,2010 Wayfinding - Active Travel Wayfinding - Wakatipu and Wanaka,Construction,167,1/08/2027,,5267.1756,0,7929673.734,Fee Items,10453642.43,1410583.53,,,,,,,
2004 Arthurs Point - traffic calming,2004 Arthurs Point - traffic calming,Construction,123,1/08/2027,,559.5668,0,7930233.301,Non-Fee Items,10454201.99,1410583.53,,,,,,,
2006 RISU Signs - Rural Intersection Safety Upgrade,2006 RISU Signs - Rural Intersection Safety Upgrade,Construction,91,1/08/2027,,546.7372,0,7930780.038,Non-Fee Items,10454748.73,1410583.53,,,,,,,
2008 Fernhill Int - concept feasibility traffic assessment,2008 Fernhill Int - concept feasibility traffic assessment,Concept / Scoping,173,1/08/2027,,0,0,7942815.332,Fee Items,10454748.73,1410583.53,,,,,,,
2008 Fernhill Int - concept feasibility traffic assessment,2008 Fernhill Int - concept feasibility traffic assessment,Concept / Scoping,173,1/09/2027,,0,0,7945532.979,Fee Items,10454748.73,1410583.53,,,,,,,
2005 Crown Range Passing Lanes,2005 Crown Range Passing Lanes,Construction,144,1/09/2027,,542.4955,0,7946075.475,Non-Fee Items,10455291.23,1410583.53,,,,,,,
2009 Brunswick Int - Upgrade,2009 Brunswick Int - Upgrade,Construction,105,1/09/2027,,523.5602,0,7946599.035,Non-Fee Items,10455814.79,1410583.53,,,,,,,
2004 Arthurs Point - traffic calming,2004 Arthurs Point - traffic calming,Construction,123,1/09/2027,,541.5162,0,7947140.551,Non-Fee Items,10456356.3,1410583.53,,,,,,,
2006 RISU Signs - Rural Intersection Safety Upgrade,2006 RISU Signs - Rural Intersection Safety Upgrade,Construction,91,1/09/2027,,529.1005,0,7947669.652,Non-Fee Items,10456885.4,1410583.53,,,,,,,
2011 Golf Course RBT,2011 Golf Course RBT,Construction,153,1/09/2027,,541.5162,0,7948211.168,Non-Fee Items,10457426.92,1410583.53,,,,,,,
2002 Glenorchy TC - Township improvements,2002 Glenorchy TC - Township improvements,Construction,135,1/09/2027,,536.6726,0,7948747.841,Non-Fee Items,10457963.59,1410583.53,,,,,,,
2003 Wanaka TC - CBD connectivity upgrades,2003 Wanaka TC - CBD connectivity upgrades,Construction,164,1/09/2027,,541.5162,0,7949289.357,Non-Fee Items,10458505.11,1410583.53,,,,,,,
2009 Brunswick Int - Upgrade,2009 Brunswick Int - Upgrade,Construction,105,1/10/2027,,541.0122,0,7949830.369,Non-Fee Items,10459046.12,1410583.53,,,,,,,
2006 RISU Signs - Rural Intersection Safety Upgrade,2006 RISU Signs - Rural Intersection Safety Upgrade,Construction,91,1/10/2027,,546.7372,0,7950377.106,Non-Fee Items,10459592.86,1410583.53,,,,,,,
2005 Crown Range Passing Lanes,2005 Crown Range Passing Lanes,Construction,144,1/10/2027,,560.5787,0,7950937.685,Non-Fee Items,10460153.44,1410583.53,,,,,,,
2011 Golf Course RBT,2011 Golf Course RBT,Construction,153,1/10/2027,,559.5668,0,7951497.252,Non-Fee Items,10460713,1410583.53,,,,,,,
2002 Glenorchy TC - Township improvements,2002 Glenorchy TC - Township improvements,Construction,135,1/10/2027,,554.5617,0,7952051.813,Non-Fee Items,10461267.56,1410583.53,,,,,,,
2003 Wanaka TC - CBD connectivity upgrades,2003 Wanaka TC - CBD connectivity upgrades,Construction,164,1/10/2027,,559.5668,0,7952611.38,Non-Fee Items,10461827.13,1410583.53,,,,,,,
2004 Arthurs Point - traffic calming,2004 Arthurs Point - traffic calming,Construction,123,1/10/2027,,559.5668,0,7953170.947,Non-Fee Items,10462386.7,1410583.53,,,,,,,
2009 Brunswick Int - Upgrade,2009 Brunswick Int - Upgrade,Construction,105,1/11/2027,,523.5602,0,7953694.507,Non-Fee Items,10462910.26,1410583.53,,,,,,,
2005 Crown Range Passing Lanes,2005 Crown Range Passing Lanes,Construction,144,1/11/2027,,542.4955,0,7954237.003,Non-Fee Items,10463452.75,1410583.53,,,,,,,
2004 Arthurs Point - traffic calming,2004 Arthurs Point - traffic calming,Construction,123,1/11/2027,,541.5162,0,7954778.519,Non-Fee Items,10463994.27,1410583.53,,,,,,,
2011 Golf Course RBT,2011 Golf Course RBT,Construction,153,1/11/2027,,541.5162,0,7955320.035,Non-Fee Items,10464535.79,1410583.53,,,,,,,
2003 Wanaka TC - CBD connectivity upgrades,2003 Wanaka TC - CBD connectivity upgrades,Construction,164,1/11/2027,,541.5162,0,7955861.551,Non-Fee Items,10465077.3,1410583.53,,,,,,,
2006 RISU Signs - Rural Intersection Safety Upgrade,2006 RISU Signs - Rural Intersection Safety Upgrade,Construction,91,1/11/2027,,529.1005,0,7956390.652,Non-Fee Items,10465606.4,1410583.53,,,,,,,
2002 Glenorchy TC - Township improvements,2002 Glenorchy TC - Township improvements,Construction,135,1/11/2027,,536.6726,0,7956927.324,Non-Fee Items,10466143.08,1410583.53,,,,,,,
2004 Arthurs Point - traffic calming,2004 Arthurs Point - traffic calming,Construction,123,1/12/2027,,559.5668,0,7957486.891,Non-Fee Items,10466702.64,1410583.53,,,,,,,
2011 Golf Course RBT,2011 Golf Course RBT,Construction,153,1/12/2027,,559.5668,0,7958046.458,Non-Fee Items,10467262.21,1410583.53,,,,,,,
2006 RISU Signs - Rural Intersection Safety Upgrade,2006 RISU Signs - Rural Intersection Safety Upgrade,Construction,91,1/12/2027,,546.7372,0,7958593.195,Non-Fee Items,10467808.95,1410583.53,,,,,,,
2003 Wanaka TC - CBD connectivity upgrades,2003 Wanaka TC - CBD connectivity upgrades,Construction,164,1/12/2027,,559.5668,0,7959152.762,Non-Fee Items,10468368.51,1410583.53,,,,,,,
2009 Brunswick Int - Upgrade,2009 Brunswick Int - Upgrade,Construction,105,1/12/2027,,541.0122,0,7959693.774,Non-Fee Items,10468909.53,1410583.53,,,,,,,
2005 Crown Range Passing Lanes,2005 Crown Range Passing Lanes,Construction,144,1/12/2027,,560.5787,0,7960254.353,Non-Fee Items,10469470.1,1410583.53,,,,,,,
2002 Glenorchy TC - Township improvements,2002 Glenorchy TC - Township improvements,Construction,135,1/12/2027,,554.5617,0,7960808.915,Non-Fee Items,10470024.67,1410583.53,,,,,,,
2004 Arthurs Point - traffic calming,2004 Arthurs Point - traffic calming,Construction,123,1/01/2028,,559.5668,0,7961368.481,Non-Fee Items,10470584.23,1410583.53,,,,,,,
2002 Glenorchy TC - Township improvements,2002 Glenorchy TC - Township improvements,Construction,135,1/01/2028,,554.5617,0,7961923.043,Non-Fee Items,10471138.79,1410583.53,,,,,,,
2005 Crown Range Passing Lanes,2005 Crown Range Passing Lanes,Construction,144,1/01/2028,,560.5787,0,7962483.622,Non-Fee Items,10471699.37,1410583.53,,,,,,,
2006 RISU Signs - Rural Intersection Safety Upgrade,2006 RISU Signs - Rural Intersection Safety Upgrade,Construction,91,1/01/2028,,335.097,0,7962818.719,Non-Fee Items,10472034.47,1410583.53,,,,,,,
2009 Brunswick Int - Upgrade,2009 Brunswick Int - Upgrade,Construction,105,1/01/2028,,541.0122,0,7963359.731,Non-Fee Items,10472575.48,1410583.53,,,,,,,
2003 Wanaka TC - CBD connectivity upgrades,2003 Wanaka TC - CBD connectivity upgrades,Construction,164,1/01/2028,,559.5668,0,7963919.298,Non-Fee Items,10473135.05,1410583.53,,,,,,,
2011 Golf Course RBT,2011 Golf Course RBT,Construction,153,1/01/2028,,559.5668,0,7964478.865,Non-Fee Items,10473694.62,1410583.53,,,,,,,
2011 Golf Course RBT,2011 Golf Course RBT,Construction,153,1/02/2028,,523.4657,0,7965002.33,Non-Fee Items,10474218.08,1410583.53,,,,,,,
2009 Brunswick Int - Upgrade,2009 Brunswick Int - Upgrade,Construction,105,1/02/2028,,506.1082,0,7965508.439,Non-Fee Items,10474724.19,1410583.53,,,,,,,
2002 Glenorchy TC - Township improvements,2002 Glenorchy TC - Township improvements,Construction,135,1/02/2028,,518.7835,0,7966027.222,Non-Fee Items,10475242.97,1410583.53,,,,,,,
2003 Wanaka TC - CBD connectivity upgrades,2003 Wanaka TC - CBD connectivity upgrades,Construction,164,1/02/2028,,523.4657,0,7966550.688,Non-Fee Items,10475766.44,1410583.53,,,,,,,
2005 Crown Range Passing Lanes,2005 Crown Range Passing Lanes,Construction,144,1/02/2028,,524.4123,0,7967075.1,Non-Fee Items,10476290.85,1410583.53,,,,,,,
2004 Arthurs Point - traffic calming,2004 Arthurs Point - traffic calming,Construction,123,1/02/2028,,523.4657,0,7967598.566,Non-Fee Items,10476814.32,1410583.53,,,,,,,
2005 Crown Range Passing Lanes,2005 Crown Range Passing Lanes,Construction,144,1/03/2028,,560.5787,0,7968159.144,Non-Fee Items,10477374.9,1410583.53,,,,,,,
2002 Glenorchy TC - Township improvements,2002 Glenorchy TC - Township improvements,Construction,135,1/03/2028,,554.5617,0,7968713.706,Non-Fee Items,10477929.46,1410583.53,,,,,,,
2003 Wanaka TC - CBD connectivity upgrades,2003 Wanaka TC - CBD connectivity upgrades,Construction,164,1/03/2028,,559.5668,0,7969273.273,Non-Fee Items,10478489.02,1410583.53,,,,,,,
2004 Arthurs Point - traffic calming,2004 Arthurs Point - traffic calming,Construction,123,1/03/2028,,559.5668,0,7969832.84,Non-Fee Items,10479048.59,1410583.53,,,,,,,
2009 Brunswick Int - Upgrade,2009 Brunswick Int - Upgrade,Construction,105,1/03/2028,,541.0122,0,7970373.852,Non-Fee Items,10479589.6,1410583.53,,,,,,,
2011 Golf Course RBT,2011 Golf Course RBT,Construction,153,1/03/2028,,559.5668,0,7970933.419,Non-Fee Items,10480149.17,1410583.53,,,,,,,
2003 Wanaka TC - CBD connectivity upgrades,2003 Wanaka TC - CBD connectivity upgrades,Construction,164,1/04/2028,,541.5162,0,7971474.935,Non-Fee Items,10480690.69,1410583.53,,,,,,,
2004 Arthurs Point - traffic calming,2004 Arthurs Point - traffic calming,Construction,123,1/04/2028,,541.5162,0,7972016.451,Non-Fee Items,10481232.2,1410583.53,,,,,,,
2002 Glenorchy TC - Township improvements,2002 Glenorchy TC - Township improvements,Construction,135,1/04/2028,,536.6726,0,7972553.124,Non-Fee Items,10481768.87,1410583.53,,,,,,,
2005 Crown Range Passing Lanes,2005 Crown Range Passing Lanes,Construction,144,1/04/2028,,542.4955,0,7973095.619,Non-Fee Items,10482311.37,1410583.53,,,,,,,
2011 Golf Course RBT,2011 Golf Course RBT,Construction,153,1/04/2028,,541.5162,0,7973637.135,Non-Fee Items,10482852.89,1410583.53,,,,,,,
2009 Brunswick Int - Upgrade,2009 Brunswick Int - Upgrade,Construction,105,1/04/2028,,523.5602,0,7974160.696,Non-Fee Items,10483376.45,1410583.53,,,,,,,
2011 Golf Course RBT,2011 Golf Course RBT,Construction,153,1/05/2028,,559.5668,0,7974720.262,Non-Fee Items,10483936.01,1410583.53,,,,,,,
2005 Crown Range Passing Lanes,2005 Crown Range Passing Lanes,Construction,144,1/05/2028,,560.5787,0,7975280.841,Non-Fee Items,10484496.59,1410583.53,,,,,,,
2002 Glenorchy TC - Township improvements,2002 Glenorchy TC - Township improvements,Construction,135,1/05/2028,,554.5617,0,7975835.403,Non-Fee Items,10485051.15,1410583.53,,,,,,,
2009 Brunswick Int - Upgrade,2009 Brunswick Int - Upgrade,Construction,105,1/05/2028,,541.0122,0,7976376.415,Non-Fee Items,10485592.17,1410583.53,,,,,,,
2003 Wanaka TC - CBD connectivity upgrades,2003 Wanaka TC - CBD connectivity upgrades,Construction,164,1/05/2028,,559.5668,0,7976935.982,Non-Fee Items,10486151.73,1410583.53,,,,,,,
2004 Arthurs Point - traffic calming,2004 Arthurs Point - traffic calming,Construction,123,1/05/2028,,559.5668,0,7977495.549,Non-Fee Items,10486711.3,1410583.53,,,,,,,
2011 Golf Course RBT,2011 Golf Course RBT,Construction,153,1/06/2028,,541.5162,0,7978037.065,Non-Fee Items,10487252.82,1410583.53,,,,,,,
2004 Arthurs Point - traffic calming,2004 Arthurs Point - traffic calming,Construction,123,1/06/2028,,541.5162,0,7978578.581,Non-Fee Items,10487794.33,1410583.53,,,,,,,
2005 Crown Range Passing Lanes,2005 Crown Range Passing Lanes,Construction,144,1/06/2028,,542.4955,0,7979121.077,Non-Fee Items,10488336.83,1410583.53,,,,,,,
2009 Brunswick Int - Upgrade,2009 Brunswick Int - Upgrade,Construction,105,1/06/2028,,523.5602,0,7979644.637,Non-Fee Items,10488860.39,1410583.53,,,,,,,
2002 Glenorchy TC - Township improvements,2002 Glenorchy TC - Township improvements,Construction,135,1/06/2028,,536.6726,0,7980181.309,Non-Fee Items,10489397.06,1410583.53,,,,,,,
2003 Wanaka TC - CBD connectivity upgrades,2003 Wanaka TC - CBD connectivity upgrades,Construction,164,1/06/2028,,541.5162,0,7980722.826,Non-Fee Items,10489938.58,1410583.53,,,,,,,
2003 Wanaka TC - CBD connectivity upgrades,2003 Wanaka TC - CBD connectivity upgrades,Construction,164,1/07/2028,,559.5668,0,7981282.392,Non-Fee Items,10490498.14,1410583.53,,,,,,,
2002 Glenorchy TC - Township improvements,2002 Glenorchy TC - Township improvements,Construction,135,1/07/2028,,429.3381,0,7981711.73,Non-Fee Items,10490927.48,1410583.53,,,,,,,
2009 Brunswick Int - Upgrade,2009 Brunswick Int - Upgrade,Construction,105,1/07/2028,,209.4241,0,7981921.155,Non-Fee Items,10491136.91,1410583.53,,,,,,,
2004 Arthurs Point - traffic calming,2004 Arthurs Point - traffic calming,Construction,123,1/07/2028,,559.5668,0,7982480.721,Non-Fee Items,10491696.47,1410583.53,,,,,,,
2011 Golf Course RBT,2011 Golf Course RBT,Construction,153,1/07/2028,,559.5668,0,7983040.288,Non-Fee Items,10492256.04,1410583.53,,,,,,,
2005 Crown Range Passing Lanes,2005 Crown Range Passing Lanes,Construction,144,1/07/2028,,560.5787,0,7983600.867,Non-Fee Items,10492816.62,1410583.53,,,,,,,
2005 Crown Range Passing Lanes,2005 Crown Range Passing Lanes,Construction,144,1/08/2028,,560.5787,0,7984161.446,Non-Fee Items,10493377.2,1410583.53,,,,,,,
2004 Arthurs Point - traffic calming,2004 Arthurs Point - traffic calming,Construction,123,1/08/2028,,559.5668,0,7984721.012,Non-Fee Items,10493936.76,1410583.53,,,,,,,
2003 Wanaka TC - CBD connectivity upgrades,2003 Wanaka TC - CBD connectivity upgrades,Construction,164,1/08/2028,,559.5668,0,7985280.579,Non-Fee Items,10494496.33,1410583.53,,,,,,,
2011 Golf Course RBT,2011 Golf Course RBT,Construction,153,1/08/2028,,559.5668,0,7985840.146,Non-Fee Items,10495055.9,1410583.53,,,,,,,
2011 Golf Course RBT,2011 Golf Course RBT,Construction,153,1/09/2028,,541.5162,0,7986381.662,Non-Fee Items,10495597.41,1410583.53,,,,,,,
2003 Wanaka TC - CBD connectivity upgrades,2003 Wanaka TC - CBD connectivity upgrades,Construction,164,1/09/2028,,541.5162,0,7986923.178,Non-Fee Items,10496138.93,1410583.53,,,,,,,
2004 Arthurs Point - traffic calming,2004 Arthurs Point - traffic calming,Construction,123,1/09/2028,,541.5162,0,7987464.695,Non-Fee Items,10496680.45,1410583.53,,,,,,,
2005 Crown Range Passing Lanes,2005 Crown Range Passing Lanes,Construction,144,1/09/2028,,542.4955,0,7988007.19,Non-Fee Items,10497222.94,1410583.53,,,,,,,
2005 Crown Range Passing Lanes,2005 Crown Range Passing Lanes,Construction,144,1/10/2028,,560.5787,0,7988567.769,Non-Fee Items,10497783.52,1410583.53,,,,,,,
2004 Arthurs Point - traffic calming,2004 Arthurs Point - traffic calming,Construction,123,1/10/2028,,559.5668,0,7989127.336,Non-Fee Items,10498343.09,1410583.53,,,,,,,
2011 Golf Course RBT,2011 Golf Course RBT,Construction,153,1/10/2028,,559.5668,0,7989686.902,Non-Fee Items,10498902.65,1410583.53,,,,,,,
2003 Wanaka TC - CBD connectivity upgrades,2003 Wanaka TC - CBD connectivity upgrades,Construction,164,1/10/2028,,559.5668,0,7990246.469,Non-Fee Items,10499462.22,1410583.53,,,,,,,
2005 Crown Range Passing Lanes,2005 Crown Range Passing Lanes,Construction,144,1/11/2028,,542.4955,0,7990788.965,Non-Fee Items,10500004.72,1410583.53,,,,,,,
2011 Golf Course RBT,2011 Golf Course RBT,Construction,153,1/11/2028,,541.5162,0,7991330.481,Non-Fee Items,10500546.23,1410583.53,,,,,,,
2003 Wanaka TC - CBD connectivity upgrades,2003 Wanaka TC - CBD connectivity upgrades,Construction,164,1/11/2028,,541.5162,0,7991871.997,Non-Fee Items,10501087.75,1410583.53,,,,,,,
2005 Crown Range Passing Lanes,2005 Crown Range Passing Lanes,Construction,144,1/12/2028,,235.0814,0,7992107.078,Non-Fee Items,10501322.83,1410583.53,,,,,,,
2011 Golf Course RBT,2011 Golf Course RBT,Construction,153,1/12/2028,,559.5668,0,7992666.645,Non-Fee Items,10501882.4,1410583.53,,,,,,,
2003 Wanaka TC - CBD connectivity upgrades,2003 Wanaka TC - CBD connectivity upgrades,Construction,164,1/12/2028,,72.2022,0,7992738.847,Non-Fee Items,10501954.6,1410583.53,,,,,,,
2011 Golf Course RBT,2011 Golf Course RBT,Construction,153,1/01/2029,,18.0505,0,7992756.898,Non-Fee Items,10501972.65,1410583.53,,,,,,,
